timestamp,date,category,price,title,seller,tier,rating,reviews,low_confidence,ai_assisted,human_signal
20210102044035,2021-01-02,content-writing/creative-writing,35.0,I will write a professional musician bio that gets you gigs,wololo_audio,Top Rated Seller,4.9,414.0,False,False,False
20210102044035,2021-01-02,content-writing/creative-writing,50.0,I will be a truly creative writer for you,jefocles,Level 2 Seller,5.0,93.0,False,False,False
20210102044035,2021-01-02,content-writing/creative-writing,20.0,I will write fascinating children story books for you,farzeensaeed,Level 2 Seller,4.9,133.0,False,False,False
20210102044035,2021-01-02,content-writing/creative-writing,10.0,I will be original and creative writing,zoeysavic,Level 2 Seller,4.9,430.0,False,False,False
20210102044035,2021-01-02,content-writing/creative-writing,15.0,I will write a story outline for you,maxlizanich,Level 1 Seller,4.9,32.0,False,False,False
20210102044035,2021-01-02,content-writing/creative-writing,100.0,I will write creative or formal content for you,boleriountil,Level 2 Seller,4.9,104.0,False,False,False
20210102044035,2021-01-02,content-writing/creative-writing,15.0,I will write a short story for you,ionelacioc,,5.0,16.0,False,False,False
20210102044035,2021-01-02,content-writing/creative-writing,15.0,I will write you deep custom poetry within 24 hours,wimana,Level 2 Seller,5.0,293.0,False,False,False
20210201093050,2021-02-01,content-writing/creative-writing,10.0,"I will write a short, original story up to 1500 words",graceswriting,Level 1 Seller,5.0,30.0,False,False,False
20210201093050,2021-02-01,content-writing/creative-writing,20.0,I will write a custom erotica piece for you,erikawinter,Level 1 Seller,5.0,15.0,False,False,False
20210201093050,2021-02-01,content-writing/creative-writing,50.0,I will complete excellent creative writing pieces for you,nicolaeverett,Level 1 Seller,5.0,159.0,False,False,False
20210201093050,2021-02-01,content-writing/creative-writing,5.0,I will write about anything you want,turtlerollsadub,Level 2 Seller,5.0,166.0,False,False,False
20210201093050,2021-02-01,content-writing/creative-writing,5.0,I will write all sorts of content for you,hanan_aly,,4.8,105.0,False,False,False
20210201093050,2021-02-01,content-writing/creative-writing,5.0,"I will write a unique author, artist, about me, biography or bio in 24 hours",ishaarain786,Level 1 Seller,4.8,83.0,False,False,False
20210201093050,2021-02-01,content-writing/creative-writing,25.0,I will create a piece of engaging and compelling creative writing,hannahhowzdy,Level 1 Seller,4.9,87.0,False,False,False
20210201093050,2021-02-01,content-writing/creative-writing,20.0,I will ghostwrite fiction of your dreams,jenna_mo,,5.0,150.0,False,False,False
20210301010634,2021-03-01,content-writing/creative-writing,5.0,"I will write a wonderful story, ghostwriting",alvarogd,,4.9,72.0,False,False,False
20210301010634,2021-03-01,content-writing/creative-writing,135.0,I will create and map your fantasy world,rrauwl,,5.0,8.0,False,False,False
20210301010634,2021-03-01,content-writing/creative-writing,30.0,I will write a custom erotica piece for you,erikawinter,Level 1 Seller,5.0,24.0,False,False,False
20210301010634,2021-03-01,content-writing/creative-writing,10.0,I will write a childrens story for personal or commercial use,papercuts993,,5.0,10.0,False,False,False
20210301010634,2021-03-01,content-writing/creative-writing,10.0,I will write anything for you,dylanmooney0604,Level 1 Seller,5.0,55.0,False,False,False
20210301010634,2021-03-01,content-writing/creative-writing,5.0,I will do article and proposal writing in 24 hour,hsghumman,Level 2 Seller,5.0,113.0,False,False,False
20210301010634,2021-03-01,content-writing/creative-writing,50.0,I will be a truly creative writer for you,jefocles,Level 2 Seller,5.0,117.0,False,False,False
20210301010634,2021-03-01,content-writing/creative-writing,25.0,I will write funny business humor for your product or company,ricreative,Level 2 Seller,5.0,225.0,False,False,False
20210401043136,2021-04-01,content-writing/creative-writing,20.0,I will provide creative and engaging writing,startselect,Top Rated Seller,5.0,,False,False,False
20210401043136,2021-04-01,content-writing/creative-writing,35.0,"I will professionally write a powerful, convincing letter for you",sandycharity,Level 2 Seller,4.9,345.0,False,False,False
20210401043136,2021-04-01,content-writing/creative-writing,5.0,I will write you a custom short story about anything,fantasygal71,Level 1 Seller,5.0,64.0,False,False,False
20210401043136,2021-04-01,content-writing/creative-writing,5.0,"I will be your fiction, non fiction ghostwriter, creative writer, storyteller",aseowriter,,4.8,7.0,False,False,False
20210401043136,2021-04-01,content-writing/creative-writing,125.0,I will write your video game story,zedbeforebed,Level 1 Seller,5.0,25.0,False,False,False
20210401043136,2021-04-01,content-writing/creative-writing,10.0,I will creatively write customized content for you,rashmigk19,Level 1 Seller,4.8,21.0,False,False,False
20210401043136,2021-04-01,content-writing/creative-writing,50.0,I will complete excellent creative writing pieces for you,nicolaeverett,Level 2 Seller,5.0,173.0,False,False,False
20210401043136,2021-04-01,content-writing/creative-writing,10.0,I will do original and creative writing,declark0518,,4.9,17.0,False,False,False
20210501081348,2021-05-01,content-writing/creative-writing,10.0,I will write you a fantastic personal poem lyric or haiku,mikeymcmoose,,4.9,14.0,False,False,False
20210501081348,2021-05-01,content-writing/creative-writing,50.0,I will write your important letter,rickflix,Level 2 Seller,5.0,214.0,False,False,False
20210501081348,2021-05-01,content-writing/creative-writing,20.0,I will write soothing guided meditations for adults,dinasoulwriting,Level 2 Seller,5.0,37.0,False,False,False
20210501081348,2021-05-01,content-writing/creative-writing,15.0,I will write you deep custom poetry within 24 hours,wimana,Level 2 Seller,5.0,392.0,False,False,False
20210501081348,2021-05-01,content-writing/creative-writing,5.0,I will write your worlds lore or dnd character background,pandamoniumdnd,,5.0,8.0,False,False,False
20210501081348,2021-05-01,content-writing/creative-writing,100.0,I will ghostwrite your fictional short story,stevenbassile,Level 2 Seller,5.0,112.0,False,False,False
20210501081348,2021-05-01,content-writing/creative-writing,5.0,I will write a quality poem about anything,slickshotgames,Level 2 Seller,5.0,275.0,False,False,False
20210501081348,2021-05-01,content-writing/creative-writing,35.0,"I will professionally write a powerful, convincing letter for you",sandycharity,Level 2 Seller,4.9,361.0,False,False,False
20210602212441,2021-06-02,content-writing/creative-writing,5.0,"I will be your fiction, non fiction ghostwriter, creative writer, storyteller",aseowriter,,4.8,26.0,False,False,False
20210602212441,2021-06-02,content-writing/creative-writing,20.0,I will write soothing guided meditations for adults,dinasoulwriting,Level 2 Seller,5.0,45.0,False,False,False
20210602212441,2021-06-02,content-writing/creative-writing,20.0,I will make compelling creative writing pieces of any kind,euniceanada,Level 2 Seller,5.0,112.0,False,False,False
20210602212441,2021-06-02,content-writing/creative-writing,5.0,"I will write detailed game plots, settings, characters, and more",fenrisaf,Level 1 Seller,5.0,22.0,False,False,False
20210602212441,2021-06-02,content-writing/creative-writing,150.0,I will ghostwrite your fictional short story,stevenbassile,Level 2 Seller,5.0,124.0,False,False,False
20210602212441,2021-06-02,content-writing/creative-writing,5.0,I will do all sorts of creative writing,ukt998,Level 2 Seller,4.9,238.0,False,False,False
20210602212441,2021-06-02,content-writing/creative-writing,10.0,"I will write creative, perfect and high quality content",amsdesignndev,Level 1 Seller,5.0,19.0,False,False,False
20210602212441,2021-06-02,content-writing/creative-writing,50.0,I will take your novel or movie ideas and give you a plot outline,cbagni,Level 2 Seller,5.0,65.0,False,False,False
20210702070653,2021-07-02,content-writing/creative-writing,10.0,I will write your dnd character background,pandamoniumdnd,,4.9,19.0,False,False,False
20210702070653,2021-07-02,content-writing/creative-writing,75.0,I will get you whitelisted on any gta rp server with an awesome backstory,perseidborn,,5.0,20.0,False,False,False
20210702070653,2021-07-02,content-writing/creative-writing,20.0,I will write you deep custom poetry within 24 hours,wimana,Level 2 Seller,5.0,448.0,False,False,False
20210702070653,2021-07-02,content-writing/creative-writing,15.0,I will ghostwrite your story and bring your idea to life,sabrina_ulicki,Level 1 Seller,5.0,23.0,False,False,False
20210702070653,2021-07-02,content-writing/creative-writing,10.0,"I will write creative content, short stories, and narratives",timi3_,,5.0,10.0,False,False,False
20210702070653,2021-07-02,content-writing/creative-writing,30.0,I will ghostwrite an original romance or erotica story for you,ashleyzheng,Level 1 Seller,5.0,46.0,False,False,False
20210702070653,2021-07-02,content-writing/creative-writing,10.0,I will professionally rewrite your content,courtneydan,Level 2 Seller,4.9,27.0,False,False,False
20210702070653,2021-07-02,content-writing/creative-writing,120.0,I will help you with your character backstory for roleplay,doubledeuces,,5.0,34.0,False,False,False
20210801001149,2021-08-01,content-writing/creative-writing,5.0,I will write what you need,annavpo,Level 1 Seller,5.0,103.0,False,False,False
20210801001149,2021-08-01,content-writing/creative-writing,5.0,I will write you a custom short story about anything,fantasygal71,Level 2 Seller,5.0,164.0,False,False,False
20210801001149,2021-08-01,content-writing/creative-writing,25.0,I will do any and all types of creative writing for you,jadynlee3000,,4.0,4.0,False,False,False
20210801001149,2021-08-01,content-writing/creative-writing,100.0,I will write a really great paragraph for any purpose,bingeclock,Top Rated Seller,5.0,,False,False,False
20210801001149,2021-08-01,content-writing/creative-writing,10.0,I will write a professional letter for you,kristynmeyer,Level 1 Seller,5.0,17.0,False,False,False
20210801001149,2021-08-01,content-writing/creative-writing,50.0,I will complete excellent creative writing pieces for you,nicolaeverett,Top Rated Seller,5.0,187.0,False,False,False
20210801001149,2021-08-01,content-writing/creative-writing,15.0,I will write unique and passionate poetry about any topic,keneobienu,Level 1 Seller,5.0,29.0,False,False,False
20210801001149,2021-08-01,content-writing/creative-writing,20.0,I will write you a customised short story in 24 hours or less,writewithjamie,,4.9,76.0,False,False,False
20210903114125,2021-09-03,content-writing/creative-writing,30.0,I will write creative content for you,caletompkins,Top Rated Seller,5.0,91.0,False,False,False
20210903114125,2021-09-03,content-writing/creative-writing,10.0,"I will professionally research, write original and creative content",eliudn,Level 1 Seller,5.0,27.0,False,False,False
20210903114125,2021-09-03,content-writing/creative-writing,100.0,I will write or ghostwrite an influential op ed column or essay,jwreilly,,5.0,5.0,False,False,False
20210903114125,2021-09-03,content-writing/creative-writing,5.0,I will write you a custom short story about anything,fantasygal71,Level 2 Seller,5.0,204.0,False,False,False
20210903114125,2021-09-03,content-writing/creative-writing,15.0,I will write an erotic short story,astersun,,4.9,11.0,False,False,False
20210903114125,2021-09-03,content-writing/creative-writing,50.0,I will complete excellent creative writing pieces for you,nicolaeverett,Top Rated Seller,5.0,195.0,False,False,False
20210903114125,2021-09-03,content-writing/creative-writing,20.0,I will write you deep custom poetry within 24 hours,wimana,Level 2 Seller,5.0,491.0,False,False,False
20210903114125,2021-09-03,content-writing/creative-writing,5.0,I will write a professional arabic content,kholoudd,Level 2 Seller,5.0,34.0,False,False,False
20211002120023,2021-10-02,content-writing/creative-writing,5.0,I will write an interactive fun kids short story,kashafnoorr,Level 2 Seller,4.9,123.0,False,False,False
20211002120023,2021-10-02,content-writing/creative-writing,10.0,"I will professionally research, write original and creative content",eliudn,Level 1 Seller,5.0,34.0,False,False,False
20211002120023,2021-10-02,content-writing/creative-writing,30.0,I will be your hilarious comedy writer,martinptalbot,Level 2 Seller,4.9,75.0,False,False,False
20211002120023,2021-10-02,content-writing/creative-writing,75.0,I will write backstory or create your gta rp roleplay character,achini_w2,Level 2 Seller,5.0,51.0,False,False,False
20211002120023,2021-10-02,content-writing/creative-writing,115.0,I will plan and write your choose your own adventure story,katakatica,Level 2 Seller,4.9,51.0,False,False,False
20211002120023,2021-10-02,content-writing/creative-writing,95.0,I will write your gta roleplay backstory and application,jimmycanwrite,Level 2 Seller,5.0,131.0,False,False,False
20211002120023,2021-10-02,content-writing/creative-writing,30.0,I will be a truly creative writer,jefocles,Level 2 Seller,5.0,214.0,False,False,False
20211002120023,2021-10-02,content-writing/creative-writing,150.0,I will be your high quality fantasy book writer,bandicrawford,Level 2 Seller,5.0,318.0,False,False,False
20211101223936,2021-11-01,content-writing/creative-writing,200.0,I will be your high quality fantasy book writer,bandicrawford,Level 2 Seller,5.0,330.0,False,False,False
20211101223936,2021-11-01,content-writing/creative-writing,150.0,I will ghostwrite your fictional short story,stevenbassile,Level 2 Seller,5.0,166.0,False,False,False
20211101223936,2021-11-01,content-writing/creative-writing,40.0,I will create a realistic artificial language with extensive vocabulary,fredericoschro,Level 1 Seller,5.0,25.0,False,False,False
20211101223936,2021-11-01,content-writing/creative-writing,175.0,I will write your comic script,mikeymoore,Level 2 Seller,5.0,44.0,False,False,False
20211101223936,2021-11-01,content-writing/creative-writing,50.0,I will complete excellent creative writing pieces for you,nicolaeverett,Level 2 Seller,5.0,199.0,False,False,False
20211101223936,2021-11-01,content-writing/creative-writing,120.0,I will write a really great paragraph for any purpose,bingeclock,Top Rated Seller,5.0,,False,False,False
20211101223936,2021-11-01,content-writing/creative-writing,250.0,I will write you a personalized short story or bedtime story,nora_k_,,2.0,2.0,False,False,False
20211101223936,2021-11-01,content-writing/creative-writing,40.0,I will be a truly creative writer,jefocles,Level 2 Seller,5.0,239.0,False,False,False
20211201143415,2021-12-01,content-writing/creative-writing,120.0,I will write a really great paragraph for any purpose,bingeclock,Top Rated Seller,5.0,,False,False,False
20211201143415,2021-12-01,content-writing/creative-writing,5.0,I will complete a creative writing project,lwill5678,Level 1 Seller,5.0,177.0,False,False,False
20211201143415,2021-12-01,content-writing/creative-writing,10.0,"I will do creative, technical and article writing",ayeshasiddiq505,Level 2 Seller,5.0,39.0,False,False,False
20211201143415,2021-12-01,content-writing/creative-writing,75.0,"I will write game storylines, lore, puzzles, quests, and more",markaragona,Level 2 Seller,5.0,85.0,False,False,False
20211201143415,2021-12-01,content-writing/creative-writing,15.0,"I will write high quality lore, setting, and dialogue for your game",leeja3,Level 2 Seller,5.0,46.0,False,False,False
20211201143415,2021-12-01,content-writing/creative-writing,45.0,I will be a truly creative writer,jefocles,Level 2 Seller,5.0,249.0,False,False,False
20211201143415,2021-12-01,content-writing/creative-writing,50.0,I will write erotica customized for you,sasha_f,Level 2 Seller,5.0,100.0,False,False,False
20211201143415,2021-12-01,content-writing/creative-writing,160.0,I will do creative writing or story writing,creat1vepattern,,5.0,26.0,False,False,False
20220101012746,2022-01-01,content-writing/creative-writing,100.0,I will write splendid steampunk and sci fi stories,bandicrawford,Level 2 Seller,5.0,35.0,False,False,False
20220101012746,2022-01-01,content-writing/creative-writing,120.0,I will write a really great paragraph for any purpose,bingeclock,Top Rated Seller,5.0,,False,False,False
20220101012746,2022-01-01,content-writing/creative-writing,50.0,I will write erotica customized for you,sasha_f,Level 2 Seller,5.0,108.0,False,False,False
20220101012746,2022-01-01,content-writing/creative-writing,50.0,I will be a truly creative writer,jefocles,Level 2 Seller,5.0,263.0,False,False,False
20220101012746,2022-01-01,content-writing/creative-writing,40.0,I will create a piece of engaging and compelling creative writing,hannahhowzdy,,4.9,138.0,False,False,False
20220101012746,2022-01-01,content-writing/creative-writing,35.0,"I will professionally write a powerful, convincing letter",sandycharity,Level 2 Seller,4.9,504.0,False,False,False
20220101012746,2022-01-01,content-writing/creative-writing,10.0,"I will write creative content, short stories, and narratives",timi3_,,5.0,16.0,False,False,False
20220101012746,2022-01-01,content-writing/creative-writing,160.0,I will do creative writing or story writing,creat1vepattern,,5.0,26.0,False,False,False
20220201162634,2022-02-01,content-writing/creative-writing,5.0,"I will do essay writing, narrative essay, analytical essay, and descriptive essay",beastwriter242,,4.9,16.0,False,False,False
20220201162634,2022-02-01,content-writing/creative-writing,45.0,I will write an amazing game story and be your game writer,leopelqui,,5.0,11.0,False,False,False
20220201162634,2022-02-01,content-writing/creative-writing,40.0,I will create a piece of engaging and compelling creative writing,hannahhowzdy,,4.9,148.0,False,False,False
20220201162634,2022-02-01,content-writing/creative-writing,30.0,I will be your hilarious comedy writer,martinptalbot,Top Rated Seller,5.0,99.0,False,False,False
20220201162634,2022-02-01,content-writing/creative-writing,70.0,I will write lore for your video or tabletop game,velandiawriting,Level 1 Seller,5.0,16.0,False,False,False
20220201162634,2022-02-01,content-writing/creative-writing,120.0,I will help you with your character backstory for roleplay,doubledeuces,Level 2 Seller,5.0,82.0,False,False,False
20220201162634,2022-02-01,content-writing/creative-writing,120.0,I will write a really great paragraph for any purpose,bingeclock,Top Rated Seller,5.0,,False,False,False
20220201162634,2022-02-01,content-writing/creative-writing,200.0,I will ghostwrite your fiction story,luna_rei,Level 2 Seller,5.0,51.0,False,False,False
20220301115658,2022-03-01,content-writing/creative-writing,,"I will do creative writing, content writing, articles, and other creative work",tonybostian,Level 2 Seller,5.0,365.0,True,False,False
20220301115658,2022-03-01,content-writing/creative-writing,,I will review and refine your creative writing,jefocles,Top Rated Seller,5.0,27.0,True,False,False
20220301115658,2022-03-01,content-writing/creative-writing,,I will write a childrens story for personal or commercial use,papercuts993,Level 2 Seller,5.0,170.0,True,False,False
20220301115658,2022-03-01,content-writing/creative-writing,,I will write beautiful custom poetry in 24 hours,janashlynn,,5.0,54.0,True,False,False
20220301115658,2022-03-01,content-writing/creative-writing,,I will write your gta rp character backstory and entire application,tuscanhide,Level 1 Seller,5.0,19.0,True,False,False
20220301115658,2022-03-01,content-writing/creative-writing,,I will write you a custom short story about anything,fantasygal71,Level 2 Seller,5.0,313.0,True,False,False
20220301115658,2022-03-01,content-writing/creative-writing,,I will write what you need,annavpo,,5.0,125.0,True,False,False
20220301115658,2022-03-01,content-writing/creative-writing,,I will worldbuild for your sci fi or fantasy world,alvar368,Level 1 Seller,5.0,93.0,True,False,False
20220402191816,2022-04-02,content-writing/creative-writing,270.0,I will ghostwrite your amazing fantasy or science fiction piece,samanthahuson,,5.0,51.0,False,False,False
20220402191816,2022-04-02,content-writing/creative-writing,100.0,I will write or help you refine any creative writing piece you have,davidridd1,,5.0,10.0,False,False,False
20220402191816,2022-04-02,content-writing/creative-writing,125.0,I will be a truly creative writer,jefocles,Top Rated Seller,5.0,276.0,False,False,False
20220402191816,2022-04-02,content-writing/creative-writing,140.0,I will write a really great paragraph for any purpose,bingeclock,Top Rated Seller,5.0,,False,False,False
20220402191816,2022-04-02,content-writing/creative-writing,35.0,"I will professionally write a powerful, convincing letter",sandycharity,Level 2 Seller,4.9,579.0,False,False,False
20220402191816,2022-04-02,content-writing/creative-writing,30.0,I will write exceptional creative content and ghost write your idea,ninajuils,,5.0,9.0,False,False,False
20220402191816,2022-04-02,content-writing/creative-writing,20.0,"I will write high quality lore, setting, and dialogue for your game",leeja3,Level 1 Seller,5.0,77.0,False,False,False
20220402191816,2022-04-02,content-writing/creative-writing,450.0,I will write you a great game story and be your narrative designer,elpmyrlad,,5.0,14.0,False,False,False
20220503160053,2022-05-03,content-writing/creative-writing,40.0,I will write your custom creative story,thebobcat18,Level 2 Seller,5.0,88.0,False,False,False
20220503160053,2022-05-03,content-writing/creative-writing,95.0,I will write your gta roleplay backstory and application,jimmycanwrite,Level 2 Seller,5.0,233.0,False,False,False
20220503160053,2022-05-03,content-writing/creative-writing,180.0,I will ghostwrite your amazing fantasy or science fiction piece,samanthahuson,,5.0,58.0,False,False,False
20220503160053,2022-05-03,content-writing/creative-writing,15.0,"I will do creative writing, content writing, articles, and other creative work",tonybostian,Level 2 Seller,5.0,427.0,False,False,False
20220503160053,2022-05-03,content-writing/creative-writing,55.0,I will write your personal or business letter,rickflix,Top Rated Seller,5.0,313.0,False,False,False
20220503160053,2022-05-03,content-writing/creative-writing,120.0,"I will write a horror, fantasy or drama story in spanish",errebe45,Level 1 Seller,5.0,30.0,False,False,False
20220503160053,2022-05-03,content-writing/creative-writing,30.0,I will write original content in german,superly,Level 2 Seller,5.0,309.0,False,False,False
20220503160053,2022-05-03,content-writing/creative-writing,100.0,I will write or help you refine any creative writing piece you have,davidridd1,,5.0,13.0,False,False,False
20220609180522,2022-06-09,content-writing/creative-writing,25.0,I will write your author bio,snirz94,Top Rated Seller,4.9,225.0,False,False,False
20220609180522,2022-06-09,content-writing/creative-writing,25.0,I will critically analyze any work of english literature,everquill_100,Level 2 Seller,5.0,93.0,False,False,False
20220609180522,2022-06-09,content-writing/creative-writing,40.0,I will write a childrens story for personal or commercial use,papercuts993,Level 2 Seller,5.0,218.0,False,False,False
20220609180522,2022-06-09,content-writing/creative-writing,100.0,I will create a professional game design document with a game story,attishno1,Top Rated Seller,5.0,49.0,False,False,False
20220609180522,2022-06-09,content-writing/creative-writing,100.0,I will write or help you refine any creative writing piece you have,davidridd1,,5.0,19.0,False,False,False
20220609180522,2022-06-09,content-writing/creative-writing,10.0,"I will write articles, essays, creative writing, and unique content",m_prowriters,Level 2 Seller,4.9,37.0,False,False,False
20220609180522,2022-06-09,content-writing/creative-writing,120.0,"I will write a horror, fantasy or drama story in spanish",errebe45,,5.0,32.0,False,False,False
20220609180522,2022-06-09,content-writing/creative-writing,180.0,I will ghostwrite your amazing fantasy or science fiction piece,samanthahuson,,5.0,64.0,False,False,False
20220609180522,2022-06-09,content-writing/creative-writing,15.0,"I will create a piece of lore for your world, campaign or rpg",jaarth,Level 1 Seller,4.9,102.0,False,False,False
20220609180522,2022-06-09,content-writing/creative-writing,40.0,"I will write game stories, quests, world, lore, and mechanics",stormborn9862,Level 2 Seller,5.0,45.0,False,False,False
20220609180522,2022-06-09,content-writing/creative-writing,160.0,I will do creative writing or story writing,creat1vepattern,,5.0,38.0,False,False,False
20220609180522,2022-06-09,content-writing/creative-writing,55.0,I will write your personal or business letter,rickflix,Top Rated Seller,5.0,331.0,False,False,False
20220701032204,2022-07-01,content-writing/creative-writing,40.0,I will ghostwrite your fiction story of 5000 words any genre,dionnealaba,Level 2 Seller,4.9,142.0,False,False,False
20220701032204,2022-07-01,content-writing/creative-writing,100.0,I will create a professional game design document with a game story,attishno1,Top Rated Seller,5.0,50.0,False,False,False
20220701032204,2022-07-01,content-writing/creative-writing,140.0,I will write a really great paragraph for any purpose,bingeclock,Top Rated Seller,5.0,,False,False,False
20220701032204,2022-07-01,content-writing/creative-writing,150.0,I will be a truly creative writer,jefocles,Top Rated Seller,5.0,288.0,False,False,False
20220701032204,2022-07-01,content-writing/creative-writing,15.0,"I will write incredible short stories, poetry and blog posts",sketchlings,Level 2 Seller,5.0,165.0,False,False,False
20220701032204,2022-07-01,content-writing/creative-writing,20.0,I will write your explainer video script,yourwriter26,Top Rated Seller,4.9,,False,False,False
20220701032204,2022-07-01,content-writing/creative-writing,15.0,I will write a piece of lore for your fantasy or rpg object,kolproductions,Level 1 Seller,5.0,21.0,False,False,False
20220701032204,2022-07-01,content-writing/creative-writing,15.0,I will ghostwrite or rewrite your fiction story,sly_zeus,,5.0,26.0,False,False,False
20220701032204,2022-07-01,content-writing/creative-writing,100.0,I will write or help you refine any creative writing piece you have,davidridd1,,5.0,22.0,False,False,False
20220701032204,2022-07-01,content-writing/creative-writing,25.0,I will write a story outline for you,maxlizanich,Level 2 Seller,4.9,201.0,False,False,False
20220701032204,2022-07-01,content-writing/creative-writing,95.0,I will write or edit your gta roleplay backstory and application,jimmycanwrite,Level 1 Seller,5.0,256.0,False,False,False
20220701032204,2022-07-01,content-writing/creative-writing,25.0,I will write funny business humor for your product or company,ricreative,Level 2 Seller,5.0,324.0,False,False,False
20220807160253,2022-08-07,content-writing/creative-writing,10.0,I will write a 250 word dr seuss style poem or story for you,superpummelo,Top Rated Seller,5.0,858.0,False,False,False
20220807160253,2022-08-07,content-writing/creative-writing,20.0,I will provide creative and engaging writing,startselect,Top Rated Seller,5.0,,False,False,False
20220807160253,2022-08-07,content-writing/creative-writing,65.0,I will write your gta roleplay backstory and application,jimmycanwrite,,5.0,266.0,False,False,False
20220807160253,2022-08-07,content-writing/creative-writing,25.0,I will worldbuild for your sci fi or fantasy world,alvar368,Level 1 Seller,5.0,109.0,False,False,False
20220807160253,2022-08-07,content-writing/creative-writing,10.0,I will write you a custom short story about anything,fantasygal71,Level 2 Seller,5.0,375.0,False,False,False
20220807160253,2022-08-07,content-writing/creative-writing,10.0,"I will write creative essays, short stories, research articles and reports",saimshahid220,,5.0,14.0,False,False,False
20220807160253,2022-08-07,content-writing/creative-writing,150.0,I will review and refine your creative writing,jefocles,Top Rated Seller,5.0,44.0,False,False,False
20220807160253,2022-08-07,content-writing/creative-writing,10.0,I will write your horror story,olivatle31,Level 2 Seller,5.0,11.0,False,False,False
20220901114313,2022-09-01,content-writing/creative-writing,5.0,I will write any kind of poem you want,dariusapetrei,Level 1 Seller,5.0,24.0,False,False,False
20220901114313,2022-09-01,content-writing/creative-writing,10.0,I will write 600 words for your creative project,cameron_leecoe,Level 2 Seller,4.9,149.0,False,False,False
20220901114313,2022-09-01,content-writing/creative-writing,35.0,I will tell your story and write your storytelling content,tsparke,Level 2 Seller,4.9,118.0,False,False,False
20220901114313,2022-09-01,content-writing/creative-writing,95.0,I will be your amazing comedy writer,scottfins,Top Rated Seller,5.0,177.0,False,False,False
20220901114313,2022-09-01,content-writing/creative-writing,15.0,I will ghostwrite your short story,tarahthreadgill,Level 2 Seller,5.0,16.0,False,False,False
20220901114313,2022-09-01,content-writing/creative-writing,10.0,I will write a personalized poem for you within 12 hours,anjalsingh04,Level 2 Seller,5.0,154.0,False,False,False
20220901114313,2022-09-01,content-writing/creative-writing,35.0,"I will professionally write a powerful, convincing letter",sandycharity,Level 2 Seller,4.9,683.0,False,False,False
20220901114313,2022-09-01,content-writing/creative-writing,150.0,I will be a truly creative writer,jefocles,Top Rated Seller,5.0,291.0,False,False,False
20230101040106,2023-01-01,content-writing/creative-writing,15.0,I will create amazing poetry and interesting stories,activewriter001,Level 2 Seller,5.0,421.0,False,False,False
20230101040106,2023-01-01,content-writing/creative-writing,150.0,I will ghostwrite your fiction story,luna_rei,Level 2 Seller,5.0,106.0,False,False,False
20230101040106,2023-01-01,content-writing/creative-writing,5.0,I will write custom erotica for your darkest fantasies,amanita_moment,Level 1 Seller,5.0,22.0,False,False,False
20230101040106,2023-01-01,content-writing/creative-writing,35.0,I will tell your story and write your storytelling content,tsparke,Level 2 Seller,4.9,186.0,False,False,False
20230101040106,2023-01-01,content-writing/creative-writing,10.0,I will write you a poem or prose on anything,jasonenukora,Level 2 Seller,5.0,93.0,False,False,False
20230101040106,2023-01-01,content-writing/creative-writing,20.0,I will write an apology letter that will save your ash,melissajuliette,Level 2 Seller,5.0,138.0,False,False,False
20230101040106,2023-01-01,content-writing/creative-writing,55.0,I will write your personal or business letter,rickflix,Top Rated Seller,5.0,417.0,False,False,False
20230101040106,2023-01-01,content-writing/creative-writing,15.0,I will ghostwrite you a creative poem,sbmusic,Level 2 Seller,5.0,563.0,False,False,False
20230203145308,2023-02-03,content-writing/creative-writing,5.0,I will write a quality poem about anything,slickshotgames,Level 2 Seller,5.0,315.0,False,False,False
20230203145308,2023-02-03,content-writing/creative-writing,10.0,I will write a personalized poem for you within 12 hours,anjalsingh04,Level 2 Seller,5.0,170.0,False,False,False
20230203145308,2023-02-03,content-writing/creative-writing,125.0,I will write or ghostwrite an influential op ed column or essay,jwreilly,Level 2 Seller,5.0,47.0,False,False,False
20230203145308,2023-02-03,content-writing/creative-writing,50.0,"I will write your personal biography, brand bio, about me page in 24h",stephanvogel,Level 2 Seller,4.8,62.0,False,False,False
20230203145308,2023-02-03,content-writing/creative-writing,20.0,I will write science fiction or fantasy for you,fantasyarbit3r,Level 2 Seller,5.0,103.0,False,False,False
20230203145308,2023-02-03,content-writing/creative-writing,10.0,I will do creative writing for you,lizydarcy,Level 2 Seller,4.9,31.0,False,False,False
20230203145308,2023-02-03,content-writing/creative-writing,20.0,I will write you deep custom poetry within 24 hours,wimana,Top Rated Seller,5.0,818.0,False,False,False
20230203145308,2023-02-03,content-writing/creative-writing,10.0,"I will be your ghostwriter for articles, letters or short stories",sueohm,Level 2 Seller,4.9,28.0,False,False,False
20230301013424,2023-03-01,content-writing/creative-writing,20.0,I will write you deep custom poetry within 24 hours,wimana,Level 2 Seller,5.0,834.0,False,False,False
20230301013424,2023-03-01,content-writing/creative-writing,10.0,"I will be your ghostwriter for articles, letters or short stories",sueohm,Level 2 Seller,4.9,30.0,False,False,False
20230301013424,2023-03-01,content-writing/creative-writing,100.0,I will write custom erotica and bring your fantasies to life,jessicashackled,Level 2 Seller,5.0,41.0,False,False,False
20230301013424,2023-03-01,content-writing/creative-writing,20.0,I will write italian lyrics for your songs,rexryu,,5.0,53.0,False,False,False
20230301013424,2023-03-01,content-writing/creative-writing,5.0,"I will write creative, unique and compelling content",sammywrites786,Level 1 Seller,4.8,28.0,False,False,False
20230301013424,2023-03-01,content-writing/creative-writing,75.0,I will ghostwrite your romance story,kyriarriaga,Level 2 Seller,5.0,28.0,False,False,False
20230301013424,2023-03-01,content-writing/creative-writing,15.0,I will write you anything you need,alinesantana,Level 2 Seller,4.9,262.0,False,False,False
20230301013424,2023-03-01,content-writing/creative-writing,15.0,"I will write a poem for you, any topic or occasion",soundreading,Level 2 Seller,5.0,85.0,False,False,False
20230402155456,2023-04-02,content-writing/creative-writing,5.0,I will write a flawless biography or bio,bio_goddess,Level 2 Seller,4.8,312.0,False,False,False
20230402155456,2023-04-02,content-writing/creative-writing,15.0,I will write business letters and other correspondence,cierrastorybook,Level 2 Seller,5.0,77.0,False,False,False
20230402155456,2023-04-02,content-writing/creative-writing,10.0,I will write your personalized childrens story,colleenmulcahy,Level 2 Seller,5.0,17.0,False,False,False
20230402155456,2023-04-02,content-writing/creative-writing,10.0,I will ghostwrite high quality erotica or romance for your pleasure,iulianac601,,5.0,19.0,False,False,False
20230402155456,2023-04-02,content-writing/creative-writing,35.0,I will write customized romantic erotic stories,carleywithasea,Top Rated Seller,5.0,700.0,False,False,False
20230402155456,2023-04-02,content-writing/creative-writing,35.0,"I will professionally write a powerful, convincing letter",sandycharity,Level 2 Seller,4.9,829.0,False,False,False
20230402155456,2023-04-02,content-writing/creative-writing,55.0,I will write your personal or business letter,rickflix,Top Rated Seller,5.0,445.0,False,False,False
20230402155456,2023-04-02,content-writing/creative-writing,125.0,I will be a truly creative writer,jefocles,Top Rated Seller,5.0,303.0,False,False,False
20230508052403,2023-05-08,content-writing/creative-writing,5.0,"I will write gamebook adventures, game lore, scary stories, etc",,,,,False,False,False
20230508052403,2023-05-08,content-writing/creative-writing,5.0,I will write a flawless biography or bio,,,,,False,False,False
20230508052403,2023-05-08,content-writing/creative-writing,10.0,I will write lyrics for your song,,,,,False,False,False
20230508052403,2023-05-08,content-writing/creative-writing,5.0,"I will write you a poem, prose or short story on anything",,,,,False,False,False
20230508052403,2023-05-08,content-writing/creative-writing,35.0,"I will professionally write a powerful, convincing letter",,,,,False,False,False
20230508052403,2023-05-08,content-writing/creative-writing,25.0,"I will do written roleplay with you over discord, nsfw, any setting",,,,,False,False,False
20230508052403,2023-05-08,content-writing/creative-writing,55.0,I will write your personal or business letter,,,,,False,False,False
20230508052403,2023-05-08,content-writing/creative-writing,125.0,I will be a truly creative writer,,,,,False,False,False
20230603214122,2023-06-03,content-writing/creative-writing,10.0,I will write a convincing and persuasive letter on any subject,,,,,False,False,False
20230603214122,2023-06-03,content-writing/creative-writing,10.0,I will write a manhwa essay or recap for your blog or youtube,,,,,False,False,False
20230603214122,2023-06-03,content-writing/creative-writing,5.0,I will create lore and world build,,,,,False,False,False
20230603214122,2023-06-03,content-writing/creative-writing,10.0,I will write a thank you so good they want to write a thank you for it,,,,,False,False,False
20230603214122,2023-06-03,content-writing/creative-writing,25.0,I will edit your poetry manuscript or individual poems,,,,,False,False,False
20230603214122,2023-06-03,content-writing/creative-writing,35.0,I will tell your story and write your storytelling content,,,,,False,False,False
20230603214122,2023-06-03,content-writing/creative-writing,55.0,I will write your personal or business letter,,,,,False,False,False
20230603214122,2023-06-03,content-writing/creative-writing,150.0,I will ghostwrite your fiction story,,,,,False,False,False
20230720090428,2023-07-20,content-writing/creative-writing,,I will write the best narrative storytelling for you,,,,,True,False,False
20230720090428,2023-07-20,content-writing/creative-writing,,I will write any kind of letter or email,,,,,True,False,False
20230720090428,2023-07-20,content-writing/creative-writing,,I will worldbuild and write lore for a fantays or sci fi setting,,,,,True,False,False
20230720090428,2023-07-20,content-writing/creative-writing,,I will write meaningful  custom poetry for any occasion in 24 hours,,,,,True,False,False
20230720090428,2023-07-20,content-writing/creative-writing,,"I will professionally write a powerful, convincing letter",,,,,True,False,False
20230720090428,2023-07-20,content-writing/creative-writing,,I will professionally write a powerful and convincing letter,,,,,True,False,False
20230720090428,2023-07-20,content-writing/creative-writing,,I will write your personal or business letter,,,,,True,False,False
20230720090428,2023-07-20,content-writing/creative-writing,,I will write custom erotica and bring your fantasies to life,,,,,True,False,False
20230820145617,2023-08-20,content-writing/creative-writing,10.0,I will do research  and summary writing,,,,,False,False,False
20230820145617,2023-08-20,content-writing/creative-writing,10.0,"I will ghostwrite a scary, horror and frightening story for you",,,,,False,False,False
20230820145617,2023-08-20,content-writing/creative-writing,15.0,"I will turn your fanfiction into reality, nsfw accepted",,,,,False,False,False
20230820145617,2023-08-20,content-writing/creative-writing,10.0,I will write your fanfiction idea of any genre,,,,,False,False,False
20230820145617,2023-08-20,content-writing/creative-writing,35.0,"I will professionally write a powerful, convincing letter",,,,,False,False,False
20230820145617,2023-08-20,content-writing/creative-writing,45.0,"I will write best selling books for amazon kindle, ebook writer, or ebook ghostwriter",,,,,False,False,False
20230820145617,2023-08-20,content-writing/creative-writing,65.0,I will write a custom erotica piece for you,,,,,False,False,False
20230820145617,2023-08-20,content-writing/creative-writing,100.0,I will write your video game story,,,,,False,False,False
20230901182649,2023-09-01,content-writing/creative-writing,,"I will create your conlang, realistic fictional language",,,,,True,False,False
20230901182649,2023-09-01,content-writing/creative-writing,,I will write any kind of letter or email,,,,,True,False,False
20230901182649,2023-09-01,content-writing/creative-writing,,I will do research  and summary writing,,,,,True,False,False
20230901182649,2023-09-01,content-writing/creative-writing,,I will write the best narrative storytelling for you,,,,,True,False,False
20230901182649,2023-09-01,content-writing/creative-writing,,I will ghostwrite your amazing fantasy or science fiction piece,,,,,True,False,False
20230901182649,2023-09-01,content-writing/creative-writing,,I will do arabic writing or arabic copywriting for SEO arabic articles or arabic blogs,,,,,True,False,False
20230901182649,2023-09-01,content-writing/creative-writing,,"I will write best selling ebooks for amazon kindle, ebook ghostwriter, ebook writing",,,,,True,False,False
20230901182649,2023-09-01,content-writing/creative-writing,,I will write your desired fanfiction sfw and nsfw erotica and smut accepted,,,,,True,False,False
20231022143419,2023-10-22,content-writing/creative-writing,15.0,"I will turn your fanfiction into reality, nsfw accepted",,,,,False,False,False
20231022143419,2023-10-22,content-writing/creative-writing,10.0,"I will write business, sales letters, and professional emails",,,,,False,False,False
20231022143419,2023-10-22,content-writing/creative-writing,5.0,I will write high quality fanfiction for you,,,,,False,False,False
20231022143419,2023-10-22,content-writing/creative-writing,10.0,I will write a professional and convincing letter of any kind,,,,,False,False,False
20231022143419,2023-10-22,content-writing/creative-writing,20.0,I will provide creative and engaging writing,,,,,False,False,False
20231022143419,2023-10-22,content-writing/creative-writing,35.0,"I will professionally write a powerful, convincing letter",,,,,False,False,False
20231022143419,2023-10-22,content-writing/creative-writing,50.0,I will creatively and professionally write anything,,,,,False,False,False
20231022143419,2023-10-22,content-writing/creative-writing,100.0,I will write your video game story,,,,,False,False,False
20231222054302,2023-12-22,content-writing/creative-writing,10.0,I will write creative writing for you,,,,,False,False,False
20231222054302,2023-12-22,content-writing/creative-writing,10.0,I will do any type of creative writing for you,,,,,False,False,False
20231222054302,2023-12-22,content-writing/creative-writing,15.0,"I will do creative writing, content writing, articles, and other creative work",,,,,False,False,False
20231222054302,2023-12-22,content-writing/creative-writing,5.0,I will write memorable poetry for any topic,,,,,False,False,False
20231222054302,2023-12-22,content-writing/creative-writing,40.0,I will write erotica customized for you,,,,,False,False,False
20231222054302,2023-12-22,content-writing/creative-writing,40.0,"I will professionally write a powerful, convincing letter",,,,,False,False,False
20231222054302,2023-12-22,content-writing/creative-writing,50.0,I will creatively and professionally write anything,,,,,False,False,False
20231222054302,2023-12-22,content-writing/creative-writing,195.0,"I will write poetry, stories, and creative content for you",,,,,False,False,False
20240120182007,2024-01-20,content-writing/creative-writing,150.0,I will provide professional childrens story writing,,,,,False,False,False
20240120182007,2024-01-20,content-writing/creative-writing,10.0,I will write the best narrative storytelling for you,,,,,False,False,False
20240120182007,2024-01-20,content-writing/creative-writing,30.0,I will help you get a literary agent query letter synopsis book proposal,,,,,False,False,False
20240120182007,2024-01-20,content-writing/creative-writing,150.0,I will review and refine your creative writing,,,,,False,False,False
20240120182007,2024-01-20,content-writing/creative-writing,275.0,I will write a background story for your video game,,,,,False,False,False
20240120182007,2024-01-20,content-writing/creative-writing,10.0,I will write personalized kinky erotic stories for you,,,,,False,False,False
20240120182007,2024-01-20,content-writing/creative-writing,15.0,"I will write game story, worldbuilding, review or mechanics",,,,,False,False,False
20240120182007,2024-01-20,content-writing/creative-writing,15.0,I will create an erotica story personalized for you,,,,,False,False,False
20240201165245,2024-02-01,content-writing/creative-writing,15.0,I will write lyrics for your song,,,,,False,False,False
20240201165245,2024-02-01,content-writing/creative-writing,10.0,"I will write character backstory, lore, world building for your novel",,,,,False,False,False
20240201165245,2024-02-01,content-writing/creative-writing,5.0,I will write memorable poetry for any topic,,,,,False,False,False
20240201165245,2024-02-01,content-writing/creative-writing,15.0,"I will do creative writing, content writing, articles, and other creative work",,,,,False,False,False
20240201165245,2024-02-01,content-writing/creative-writing,20.0,I will write a creative gta rp backstory and full application,,,,,False,False,False
20240201165245,2024-02-01,content-writing/creative-writing,20.0,"I will turn your fanfiction into reality, nsfw accepted",,,,,False,False,False
20240201165245,2024-02-01,content-writing/creative-writing,75.0,"I will write comedy sketches, skits, scripts and stand up material",,,,,False,False,False
20240201165245,2024-02-01,content-writing/creative-writing,150.0,I will provide professional childrens story writing,,,,,False,False,False
20240312024002,2024-03-12,content-writing/creative-writing,5.0,"I will write a professional biography, about me, an agent bio, personal or business bio",,,,,False,False,False
20240312024002,2024-03-12,content-writing/creative-writing,15.0,I will write lyrics for your song,,,,,False,False,False
20240312024002,2024-03-12,content-writing/creative-writing,10.0,I will write the best narrative storytelling for you,,,,,False,False,False
20240312024002,2024-03-12,content-writing/creative-writing,10.0,"I will write poetry, stories, and creative content for you",,,,,False,False,False
20240312024002,2024-03-12,content-writing/creative-writing,20.0,"I will turn your fanfiction into reality, nsfw accepted",,,,,False,False,False
20240312024002,2024-03-12,content-writing/creative-writing,30.0,I will write erotica customized for you,,,,,False,False,False
20240312024002,2024-03-12,content-writing/creative-writing,50.0,I will creatively and professionally write anything,,,,,False,False,False
20240312024002,2024-03-12,content-writing/creative-writing,100.0,"I will write comedy sketches, skits, scripts and stand up material",,,,,False,False,False
20240401121628,2024-04-01,content-writing/creative-writing,5.0,I will write a handwritten letter for you,,,,,False,False,True
20240401121628,2024-04-01,content-writing/creative-writing,10.0,I will be romance ghostwriter nsfw romance story erotica story erotic story lgbtq bdsm,,,,,False,False,False
20240401121628,2024-04-01,content-writing/creative-writing,15.0,I will write lyrics for your song,,,,,False,False,False
20240401121628,2024-04-01,content-writing/creative-writing,10.0,I will write the best narrative storytelling for you,,,,,False,False,False
20240401121628,2024-04-01,content-writing/creative-writing,35.0,I will tell your story and write your storytelling content,,,,,False,False,False
20240401121628,2024-04-01,content-writing/creative-writing,35.0,I will write original content in german,,,,,False,False,False
20240401121628,2024-04-01,content-writing/creative-writing,50.0,I will creatively and professionally write anything,,,,,False,False,False
20240401121628,2024-04-01,content-writing/creative-writing,100.0,I will write original comedy material,,,,,False,False,False
20240501062226,2024-05-01,content-writing/creative-writing,5.0,,,,,,False,False,False
20240501062226,2024-05-01,content-writing/creative-writing,15.0,,,,,,False,False,False
20240501062226,2024-05-01,content-writing/creative-writing,10.0,,,,,,False,False,False
20240501062226,2024-05-01,content-writing/creative-writing,15.0,,,,,,False,False,False
20240501062226,2024-05-01,content-writing/creative-writing,40.0,,,,,,False,False,False
20240501062226,2024-05-01,content-writing/creative-writing,20.0,,,,,,False,False,False
20240501062226,2024-05-01,content-writing/creative-writing,95.0,,,,,,False,False,False
20240501062226,2024-05-01,content-writing/creative-writing,100.0,,,,,,False,False,False
20240601133254,2024-06-01,content-writing/creative-writing,15.0,,,,,,False,False,False
20240601133254,2024-06-01,content-writing/creative-writing,15.0,,,,,,False,False,False
20240601133254,2024-06-01,content-writing/creative-writing,10.0,,,,,,False,False,False
20240601133254,2024-06-01,content-writing/creative-writing,15.0,,,,,,False,False,False
20240601133254,2024-06-01,content-writing/creative-writing,25.0,,,,,,False,False,False
20240601133254,2024-06-01,content-writing/creative-writing,35.0,,,,,,False,False,False
20240601133254,2024-06-01,content-writing/creative-writing,50.0,,,,,,False,False,False
20240601133254,2024-06-01,content-writing/creative-writing,100.0,,,,,,False,False,False
20240701181836,2024-07-01,content-writing/creative-writing,5.0,,,,,,False,False,False
20240701181836,2024-07-01,content-writing/creative-writing,5.0,,,,,,False,False,False
20240701181836,2024-07-01,content-writing/creative-writing,15.0,,,,,,False,False,False
20240701181836,2024-07-01,content-writing/creative-writing,15.0,,,,,,False,False,False
20240701181836,2024-07-01,content-writing/creative-writing,30.0,,,,,,False,False,False
20240701181836,2024-07-01,content-writing/creative-writing,35.0,,,,,,False,False,False
20240701181836,2024-07-01,content-writing/creative-writing,50.0,,,,,,False,False,False
20240701181836,2024-07-01,content-writing/creative-writing,100.0,,,,,,False,False,False
20240801102524,2024-08-01,content-writing/creative-writing,10.0,,,,,,False,False,False
20240801102524,2024-08-01,content-writing/creative-writing,10.0,,,,,,False,False,False
20240801102524,2024-08-01,content-writing/creative-writing,15.0,,,,,,False,False,False
20240801102524,2024-08-01,content-writing/creative-writing,15.0,,,,,,False,False,False
20240801102524,2024-08-01,content-writing/creative-writing,40.0,,,,,,False,False,False
20240801102524,2024-08-01,content-writing/creative-writing,35.0,,,,,,False,False,False
20240801102524,2024-08-01,content-writing/creative-writing,95.0,,,,,,False,False,False
20240801102524,2024-08-01,content-writing/creative-writing,100.0,,,,,,False,False,False
20240901112639,2024-09-01,content-writing/creative-writing,5.0,,,,,,False,False,False
20240901112639,2024-09-01,content-writing/creative-writing,15.0,,,,,,False,False,False
20240901112639,2024-09-01,content-writing/creative-writing,15.0,,,,,,False,False,False
20240901112639,2024-09-01,content-writing/creative-writing,15.0,,,,,,False,False,False
20240901112639,2024-09-01,content-writing/creative-writing,30.0,,,,,,False,False,False
20240901112639,2024-09-01,content-writing/creative-writing,40.0,,,,,,False,False,False
20240901112639,2024-09-01,content-writing/creative-writing,55.0,,,,,,False,False,False
20240901112639,2024-09-01,content-writing/creative-writing,135.0,,,,,,False,False,False
20241001013828,2024-10-01,content-writing/creative-writing,10.0,,,,,,False,False,False
20241001013828,2024-10-01,content-writing/creative-writing,15.0,,,,,,False,False,False
20241001013828,2024-10-01,content-writing/creative-writing,10.0,,,,,,False,False,False
20241001013828,2024-10-01,content-writing/creative-writing,15.0,,,,,,False,False,False
20241001013828,2024-10-01,content-writing/creative-writing,35.0,,,,,,False,False,False
20241001013828,2024-10-01,content-writing/creative-writing,40.0,,,,,,False,False,False
20241001013828,2024-10-01,content-writing/creative-writing,50.0,,,,,,False,False,False
20241001013828,2024-10-01,content-writing/creative-writing,100.0,,,,,,False,False,False
20210324161056,2021-03-24,data/data-entry,10.0,"I will do data entry, data collection, internet research and admin support",preadeel,Level 2 Seller,4.9,297.0,False,False,False
20210324161056,2021-03-24,data/data-entry,20.0,I will do excel data entry jobs,faisal283,Level 2 Seller,5.0,162.0,False,False,False
20210324161056,2021-03-24,data/data-entry,30.0,"I will write you a program to process files in csv,  excel, or other in python pandas",vh_programs,Level 2 Seller,5.0,46.0,False,False,False
20210324161056,2021-03-24,data/data-entry,30.0,"I will create interactive microsoft excel, google sheets spreadsheet, dashboard, etc",nerdmode,Level 2 Seller,5.0,26.0,False,False,False
20210324161056,2021-03-24,data/data-entry,5.0,"I will do fastest data entry, copy paste, excel entry, web scraping",waleed1107,Level 1 Seller,5.0,17.0,False,False,False
20210324161056,2021-03-24,data/data-entry,50.0,I will code any indicator or strategy in tradingview pinescript,akashdr,Level 2 Seller,5.0,43.0,False,False,False
20210324161056,2021-03-24,data/data-entry,5.0,I will do data entry and administrative tasks,aftabahmad1994,Level 2 Seller,4.9,106.0,False,False,False
20210324161056,2021-03-24,data/data-entry,50.0,"I will find email lists address, excel data entry, mining, scraping, virtual assistant",excel_lead,Level 1 Seller,5.0,280.0,False,False,False
20210401073937,2021-04-01,data/data-entry,5.0,I will do data entry in 24 hours and web research,muhammadzaryab7,Level 2 Seller,5.0,112.0,False,False,False
20210401073937,2021-04-01,data/data-entry,10.0,I will do perfect data entry and admin support work,aaimran,Level 2 Seller,5.0,207.0,False,False,False
20210401073937,2021-04-01,data/data-entry,60.0,"I will do perfect data entry, web research and copy paste",awais47,Top Rated Seller,5.0,974.0,False,False,False
20210401073937,2021-04-01,data/data-entry,30.0,"I will do data entry, data mining, web scraping and copy paste",mr_wajidmaster,Level 2 Seller,5.0,136.0,False,False,False
20210401073937,2021-04-01,data/data-entry,20.0,I will do excel data entry jobs,faisal283,Level 2 Seller,5.0,168.0,False,False,False
20210401073937,2021-04-01,data/data-entry,5.0,"I will do data entry, internet research, data mining, and copy paste work",kamini_cc,,4.9,19.0,False,False,False
20210401073937,2021-04-01,data/data-entry,5.0,"I will do excel data entry, web research, data entry, copy paste, virtual assistant",rana__masud,Level 2 Seller,4.9,42.0,False,False,False
20210401073937,2021-04-01,data/data-entry,50.0,I will code any indicator or strategy in tradingview pinescript,akashdr,Level 2 Seller,5.0,45.0,False,False,False
20210501082038,2021-05-01,data/data-entry,50.0,I will code any indicator or strategy in tradingview pinescript,akashdr,Level 2 Seller,5.0,50.0,False,False,False
20210501082038,2021-05-01,data/data-entry,30.0,"I will do data entry, data mining, web scraping and copy paste",mr_wajidmaster,Level 2 Seller,5.0,146.0,False,False,False
20210501082038,2021-05-01,data/data-entry,10.0,"I will do excel data entry, data mining, copy paste, web research and web scraping",atoztasks,Level 1 Seller,5.0,48.0,False,False,False
20210501082038,2021-05-01,data/data-entry,5.0,"I will do data entry,web scraping,file conversion and copy paste",nuwandisewwandi,Level 1 Seller,5.0,195.0,False,False,False
20210501082038,2021-05-01,data/data-entry,5.0,"I will do data entry, data mining, web scraping, and web research",sohag37,Level 1 Seller,5.0,13.0,False,False,False
20210501082038,2021-05-01,data/data-entry,35.0,I will build a custom excel spreadsheet or google sheet with formulas and charts,insightsninja,Level 1 Seller,5.0,21.0,False,False,False
20210501082038,2021-05-01,data/data-entry,25.0,I will complete any type of data entry work,mukhtar1314,,5.0,6.0,False,False,False
20210501082038,2021-05-01,data/data-entry,60.0,"I will do perfect data entry, web research and copy paste",awais47,Top Rated Seller,5.0,995.0,False,False,False
20210603193018,2021-06-03,data/data-entry,15.0,"I will be your virtual assistant for data entry, typing, copy paste and web research",bdcalling,Level 2 Seller,5.0,244.0,False,False,False
20210603193018,2021-06-03,data/data-entry,50.0,I will code any indicator or strategy in tradingview pinescript,akashdr,Level 2 Seller,5.0,57.0,False,False,False
20210603193018,2021-06-03,data/data-entry,95.0,I will do anything in excel,excelwizzard,Level 2 Seller,5.0,24.0,False,False,False
20210603193018,2021-06-03,data/data-entry,30.0,I will do data entry and copy paste work,awais47,Top Rated Seller,4.9,109.0,False,False,False
20210603193018,2021-06-03,data/data-entry,20.0,"I will do excel data entry, PDF to excel, CSV in 12 hours",muhmohsinraza,Level 2 Seller,4.9,134.0,False,False,False
20210603193018,2021-06-03,data/data-entry,20.0,I will do excel data entry jobs,faisal283,Level 2 Seller,4.9,194.0,False,False,False
20210603193018,2021-06-03,data/data-entry,5.0,"I will do data entry,web research and copy paste work in excel",waqarcreatives,Level 2 Seller,4.9,413.0,False,False,False
20210603193018,2021-06-03,data/data-entry,10.0,"I will do data entry, copy paste and excel data entry work for you",masum245,Level 2 Seller,4.9,263.0,False,False,False
20210702071855,2021-07-02,data/data-entry,10.0,"I will do data entry, copy paste and excel data entry work for you",masum245,Level 2 Seller,5.0,306.0,False,False,False
20210702071855,2021-07-02,data/data-entry,5.0,"I will do data entry, web research and excel data entry",ribhionline,,5.0,162.0,False,False,False
20210702071855,2021-07-02,data/data-entry,30.0,"I will do any kind of data entry, copy paste, web research, scraping, excel data entry",sowrav777,Level 2 Seller,4.9,91.0,False,False,False
20210702071855,2021-07-02,data/data-entry,60.0,"I will find email lists address, excel data entry, mining, scraping, virtual assistant",excel_lead,Level 2 Seller,5.0,603.0,False,False,False
20210702071855,2021-07-02,data/data-entry,20.0,I will do excel data entry jobs,faisal283,Level 2 Seller,4.9,210.0,False,False,False
20210702071855,2021-07-02,data/data-entry,5.0,I will do your data entry in timing and grammar correctly,marianogarcia87,,5.0,10.0,False,False,False
20210702071855,2021-07-02,data/data-entry,15.0,"I will be your virtual assistant for data entry, typing, copy paste and web research",bdcalling,Level 2 Seller,4.9,293.0,False,False,False
20210702071855,2021-07-02,data/data-entry,20.0,I will help you with any data entry tasks,eemmilie,,5.0,27.0,False,False,False
20210801003040,2021-08-01,data/data-entry,10.0,"I will do data entry, admin support and finance support",amycweir1419,Level 2 Seller,5.0,87.0,False,False,False
20210801003040,2021-08-01,data/data-entry,15.0,I will complete any excel data entry project,hakim1996,Level 2 Seller,4.9,700.0,False,False,False
20210801003040,2021-08-01,data/data-entry,20.0,I will help you with any data entry tasks,eemmilie,Level 1 Seller,5.0,39.0,False,False,False
20210801003040,2021-08-01,data/data-entry,5.0,"I will do web research, online research and find business leads",kazmi_creative,Level 1 Seller,4.9,28.0,False,False,False
20210801003040,2021-08-01,data/data-entry,60.0,"I will do perfect data entry, web research and copy paste",awais47,Top Rated Seller,5.0,,False,False,False
20210801003040,2021-08-01,data/data-entry,40.0,"I will find email lists address, excel data entry, mining, scraping, virtual assistant",excel_lead,Level 2 Seller,5.0,708.0,False,False,False
20210801003040,2021-08-01,data/data-entry,15.0,"I will be your virtual assistant for data entry, typing, copy paste and web research",bdcalling,Level 2 Seller,4.9,316.0,False,False,False
20210801003040,2021-08-01,data/data-entry,50.0,"I will do manual copy paste, invoice, clean data, excel tasks",hansdelacruz,Level 1 Seller,5.0,30.0,False,False,False
20210903115544,2021-09-03,data/data-entry,50.0,I will code any indicator or strategy in tradingview pinescript,akashdr,Top Rated Seller,5.0,78.0,False,False,False
20210903115544,2021-09-03,data/data-entry,10.0,I will do data entry data scraping lead research and excel works,parissmansul,Level 2 Seller,5.0,234.0,False,False,False
20210903115544,2021-09-03,data/data-entry,40.0,"I will find email lists address, excel data entry, mining, scraping, virtual assistant",excel_lead,Level 2 Seller,5.0,892.0,False,False,False
20210903115544,2021-09-03,data/data-entry,20.0,"I will do excel data entry, PDF to excel, CSV in 12 hours",muhmohsinraza,Level 2 Seller,4.9,164.0,False,False,False
20210903115544,2021-09-03,data/data-entry,10.0,I will clean your excel contact database,aghaffar82,Level 2 Seller,5.0,405.0,False,False,False
20210903115544,2021-09-03,data/data-entry,20.0,"I will do data entry,web research and copy paste work in excel",waqarcreatives,Level 2 Seller,4.9,457.0,False,False,False
20210903115544,2021-09-03,data/data-entry,10.0,"I will do excel data entry, web research, convert pdf to word excel, and typing work",aryan_offiicial,Level 2 Seller,4.9,85.0,False,False,False
20210903115544,2021-09-03,data/data-entry,10.0,"I will be your virtual assistant for data entry, data mining, copy paste, web research",reigeeky,Level 2 Seller,4.9,359.0,False,False,False
20211002130930,2021-10-02,data/data-entry,60.0,"I will do perfect data entry, web research and copy paste",awais47,Top Rated Seller,5.0,,False,False,False
20211002130930,2021-10-02,data/data-entry,30.0,"I will find email lists address, excel data entry, mining, scraping, virtual assistant",excel_lead,Level 2 Seller,5.0,,False,False,False
20211002130930,2021-10-02,data/data-entry,20.0,I will help you with any data entry tasks,eemmilie,Level 1 Seller,5.0,53.0,False,False,False
20211002130930,2021-10-02,data/data-entry,50.0,I will code any indicator or strategy in tradingview pinescript,akashdr,Top Rated Seller,5.0,83.0,False,False,False
20211002130930,2021-10-02,data/data-entry,15.0,"I will do excel data entry, web research, data entry, copy paste, virtual assistant",tulesh,Level 1 Seller,5.0,,False,False,False
20211002130930,2021-10-02,data/data-entry,10.0,"I will be your virtual assistant for data entry, data mining, copy paste, web research",reigeeky,Level 2 Seller,4.9,404.0,False,False,False
20211002130930,2021-10-02,data/data-entry,10.0,"I will do excel data entry, copy paste, web research, typing, data entry",anjanaroy,Level 2 Seller,4.9,162.0,False,False,False
20211002130930,2021-10-02,data/data-entry,10.0,I will do accurate and timely data entry,graceb590,Level 2 Seller,4.9,150.0,False,False,False
20211102001313,2021-11-02,data/data-entry,10.0,I will be your virtual assistant for data entry and web research,erneson,Level 2 Seller,5.0,339.0,False,False,False
20211102001313,2021-11-02,data/data-entry,5.0,I will be virtual assistant for excel data entry,pk2oon,Level 2 Seller,5.0,353.0,False,False,False
20211102001313,2021-11-02,data/data-entry,35.0,"I will find email lists address, excel data entry, mining, scraping, virtual assistant",excel_lead,Level 2 Seller,5.0,,False,False,False
20211102001313,2021-11-02,data/data-entry,435.0,I will bpo data customer service,luyaservice,,4.6,9.0,False,False,False
20211102001313,2021-11-02,data/data-entry,60.0,"I will do perfect data entry, web research and copy paste",awais47,Top Rated Seller,5.0,,False,False,False
20211102001313,2021-11-02,data/data-entry,50.0,I will code any indicator or strategy in tradingview pinescript,akashdr,Top Rated Seller,5.0,88.0,False,False,False
20211102001313,2021-11-02,data/data-entry,5.0,"I will do fastest data entry, excel data entry in 24 hours",akhtarhussain21,Level 2 Seller,5.0,104.0,False,False,False
20211102001313,2021-11-02,data/data-entry,5.0,I will do wordpress data entry,ikramuzzman,Level 2 Seller,4.9,268.0,False,False,False
20211201163229,2021-12-01,data/data-entry,35.0,I will build a custom excel spreadsheet or google sheet with formulas and charts,insightsninja,Level 2 Seller,5.0,65.0,False,False,False
20211201163229,2021-12-01,data/data-entry,10.0,"I will do data entry, web research, va, excel, admin support work",softotech,Level 2 Seller,4.9,223.0,False,False,False
20211201163229,2021-12-01,data/data-entry,60.0,"I will do perfect data entry, web research and copy paste",awais47,Top Rated Seller,5.0,,False,False,False
20211201163229,2021-12-01,data/data-entry,30.0,"I will do data entry, clean, edit, organize, and merge excel data",excel_engineer,Top Rated Seller,5.0,59.0,False,False,False
20211201163229,2021-12-01,data/data-entry,50.0,I will code any indicator or strategy in tradingview pinescript,akashdr,Top Rated Seller,5.0,89.0,False,False,False
20211201163229,2021-12-01,data/data-entry,10.0,I will do your microsoft excel spreadsheet google sheet excel vba dashboard excel sheet,anexcel_guru,Level 2 Seller,5.0,127.0,False,False,False
20211201163229,2021-12-01,data/data-entry,10.0,"I will virtual assistant for data entry, web search etc",kassak7358,Level 2 Seller,4.9,140.0,False,False,False
20211201163229,2021-12-01,data/data-entry,35.0,"I will find email lists address, excel data entry, mining, scraping, virtual assistant",excel_lead,Level 2 Seller,5.0,,False,False,False
20220101023338,2022-01-01,data/data-entry,10.0,"I will do data entry, copy paste, web scraping, product listing, b2b leads as your VA",sakibfreela,,5.0,58.0,False,False,False
20220101023338,2022-01-01,data/data-entry,60.0,"I will do perfect data entry, web research and copy paste",awais47,Top Rated Seller,5.0,,False,False,False
20220101023338,2022-01-01,data/data-entry,35.0,"I will find email lists address, excel data entry, mining, scraping, virtual assistant",excel_lead,Level 2 Seller,5.0,,False,False,False
20220101023338,2022-01-01,data/data-entry,5.0,"I will do data entry, web research, excel, admin support work,email",anilatooher,Level 1 Seller,4.9,29.0,False,False,False
20220101023338,2022-01-01,data/data-entry,5.0,I will do excel data entry and web research precisely,ishtiak_14,Level 1 Seller,5.0,34.0,False,False,False
20220101023338,2022-01-01,data/data-entry,35.0,I will build a custom excel spreadsheet or google sheet with formulas and charts,insightsninja,Level 2 Seller,5.0,73.0,False,False,False
20220101023338,2022-01-01,data/data-entry,20.0,I will be your unique data entry assistant,shegzdatabase,Level 2 Seller,5.0,105.0,False,False,False
20220101023338,2022-01-01,data/data-entry,10.0,"I will do perfect data entry, web research, copy paste",dataentrynasim,Level 2 Seller,5.0,107.0,False,False,False
20220201175538,2022-02-01,data/data-entry,60.0,"I will do perfect data entry, web research and copy paste",awais47,Top Rated Seller,5.0,,False,False,False
20220201175538,2022-02-01,data/data-entry,10.0,I will do very fast internet research and accurate data entry,jtoimur,Level 2 Seller,4.9,186.0,False,False,False
20220201175538,2022-02-01,data/data-entry,10.0,I will do microsoft excel spreadsheet google sheet excel vba dashboard excel sheet,excel_director,,5.0,20.0,False,False,False
20220201175538,2022-02-01,data/data-entry,35.0,"I will do excel data entry, PDF to excel, CSV, PDF to word",muhmohsinraza,Top Rated Seller,4.9,188.0,False,False,False
20220201175538,2022-02-01,data/data-entry,10.0,I will do your microsoft excel spreadsheet google sheet excel vba dashboard excel sheet,anexcel_guru,Level 1 Seller,5.0,155.0,False,False,False
20220201175538,2022-02-01,data/data-entry,25.0,"I will do vba programming, macros, and advanced excel tasks",omarzouhir,Level 2 Seller,5.0,96.0,False,False,False
20220201175538,2022-02-01,data/data-entry,10.0,I will do accurate data entry and admin tasks,karladaniela715,Level 2 Seller,5.0,74.0,False,False,False
20220201175538,2022-02-01,data/data-entry,50.0,"I will find email lists address, excel data entry, mining, scraping, virtual assistant",excel_lead,Top Rated Seller,5.0,,False,False,False
20220301171142,2022-03-01,data/data-entry,60.0,"I will do perfect data entry, web research and copy paste",awais47,Top Rated Seller,5.0,,False,False,False
20220301171142,2022-03-01,data/data-entry,10.0,"I will do perfect data entry, web research and copy paste lead generation",rushanayadil,Level 1 Seller,4.8,20.0,False,False,False
20220301171142,2022-03-01,data/data-entry,10.0,I will do accurate data entry and admin tasks,karladaniela715,Level 2 Seller,5.0,77.0,False,False,False
20220301171142,2022-03-01,data/data-entry,10.0,I will do microsoft excel spreadsheet google sheet excel vba dashboard excel sheet,excel_director,Level 1 Seller,5.0,38.0,False,False,False
20220301171142,2022-03-01,data/data-entry,25.0,I will provide accurate data entry data mining and web research,krystaldyer,,5.0,59.0,False,False,False
20220301171142,2022-03-01,data/data-entry,50.0,"I will find email lists address, excel data entry, mining, scraping, virtual assistant",excel_lead,Top Rated Seller,5.0,,False,False,False
20220301171142,2022-03-01,data/data-entry,25.0,"I will do vba programming, macros, and advanced excel, contact me first",omarzouhir,Level 2 Seller,5.0,111.0,False,False,False
20220301171142,2022-03-01,data/data-entry,10.0,I will do prospect list building and internet research,blairwillows,Level 2 Seller,5.0,54.0,False,False,False
20220402205604,2022-04-02,data/data-entry,10.0,"I will do data entry, copy paste, web research and excel data entry",salahuddin072,Top Rated Seller,4.9,683.0,False,False,False
20220402205604,2022-04-02,data/data-entry,15.0,I will be your reliable data entry operator,hakim1996,Top Rated Seller,5.0,828.0,False,False,False
20220402205604,2022-04-02,data/data-entry,15.0,"I will create or format microsoft excel spreadsheet fast automation, dashboard expertly",zain_ul_abedeen,Level 2 Seller,5.0,401.0,False,False,False
20220402205604,2022-04-02,data/data-entry,40.0,I will provide perfect and error free data entry service,joya93,Top Rated Seller,4.9,17.0,False,False,False
20220402205604,2022-04-02,data/data-entry,50.0,"I will be your virtual assistant for data entry, data mining, and web research",luna_akther,Level 1 Seller,5.0,11.0,False,False,False
20220402205604,2022-04-02,data/data-entry,5.0,"I will do accurate data entry, copy paste and web research",sanjida3083,Level 1 Seller,5.0,15.0,False,False,False
20220402205604,2022-04-02,data/data-entry,30.0,"I will be your virtual assistant for data entry, web research, excel work",rudrabiswas_nyc,Level 1 Seller,5.0,104.0,False,False,False
20220402205604,2022-04-02,data/data-entry,5.0,"I will do data entry, excel data entry, web research, copy paste",adnan4545,Level 2 Seller,4.9,53.0,False,False,False
20220402205604,2022-04-02,data/data-entry,5.0,I will do best and fast data entry in one day,anam5757,,5.0,6.0,False,False,False
20220402205604,2022-04-02,data/data-entry,40.0,"I will find email lists address, excel data entry, mining, scraping, virtual assistant",excel_lead,Top Rated Seller,5.0,,False,False,False
20220402205604,2022-04-02,data/data-entry,5.0,"I will do wordpress tasks, data entry, blog post etc",amir426,Level 2 Seller,5.0,29.0,False,False,False
20220402205604,2022-04-02,data/data-entry,60.0,"I will do perfect data entry, web research and copy paste",awais47,Top Rated Seller,5.0,,False,False,False
20220503175055,2022-05-03,data/data-entry,15.0,I will be your reliable data entry operator,hakim1996,Top Rated Seller,5.0,850.0,False,False,False
20220503175055,2022-05-03,data/data-entry,15.0,I will do data entry and formatting in excel or google sheets,farrukh02,Level 2 Seller,5.0,535.0,False,False,False
20220503175055,2022-05-03,data/data-entry,30.0,"I will do data entry, data mining, web scraping and copy paste",mr_wajidmaster,Level 2 Seller,5.0,254.0,False,False,False
20220503175055,2022-05-03,data/data-entry,60.0,"I will do perfect data entry, web research and copy paste",awais47,Top Rated Seller,5.0,,False,False,False
20220503175055,2022-05-03,data/data-entry,60.0,"I will find emails, list address, excel data entry, data mining, data scraping",excel_lead,Top Rated Seller,5.0,,False,False,False
20220503175055,2022-05-03,data/data-entry,20.0,I will help you with any data entry tasks,eemmilie,Level 1 Seller,5.0,95.0,False,False,False
20220503175055,2022-05-03,data/data-entry,30.0,"I will be your virtual assistant for data entry, web research, excel work",rudrabiswas_nyc,Level 2 Seller,5.0,106.0,False,False,False
20220503175055,2022-05-03,data/data-entry,35.0,"I will do data entry, data mining, web research, copy paste",awais47,Top Rated Seller,5.0,184.0,False,False,False
20220503175055,2022-05-03,data/data-entry,15.0,"I will be your virtual assistant for data entry, typing, copy paste and web research",bdcalling,Level 2 Seller,4.9,670.0,False,False,False
20220503175055,2022-05-03,data/data-entry,5.0,"I will do excel data entry, copypaste, and any type of data entry",abrar_029,Level 2 Seller,5.0,101.0,False,False,False
20220612150444,2022-06-12,data/data-entry,10.0,"I will do data entry, copy paste, web research and excel data entry",salahuddin072,Top Rated Seller,4.9,746.0,False,False,False
20220612150444,2022-06-12,data/data-entry,15.0,I will be your reliable data entry operator,hakim1996,Top Rated Seller,5.0,859.0,False,False,False
20220612150444,2022-06-12,data/data-entry,20.0,"I will do excel data entry, web research, data entry, copy paste, virtual assistant",tulesh,Level 2 Seller,5.0,,False,False,False
20220612150444,2022-06-12,data/data-entry,30.0,"I will do data entry, data collection, product upload, excel csv jobs",glad2serviceu,Top Rated Seller,5.0,93.0,False,False,False
20220612150444,2022-06-12,data/data-entry,15.0,"I will do data entry, copy and pasting, and internet research",jacob_frenzen,Level 2 Seller,5.0,90.0,False,False,False
20220612150444,2022-06-12,data/data-entry,50.0,I will manage data for you,ahmadsubhani486,,5.0,15.0,False,False,False
20220612150444,2022-06-12,data/data-entry,50.0,"I will be your virtual assistant for data entry, data mining, and web research",luna_akther,Level 1 Seller,5.0,27.0,False,False,False
20220612150444,2022-06-12,data/data-entry,25.0,"I will find email list address, data entry, mining, web research",sadikonline,Level 2 Seller,5.0,251.0,False,False,False
20220612150444,2022-06-12,data/data-entry,5.0,"I will do email collection, web scraping, and data collection",zimalbhatti,,5.0,61.0,False,False,False
20220612150444,2022-06-12,data/data-entry,50.0,"I will find emails, list address, excel data entry, data mining, data scraping",excel_lead,Top Rated Seller,5.0,,False,False,False
20220612150444,2022-06-12,data/data-entry,10.0,"I will do perfect data entry, web research, copy paste",dataentrynasim,Level 2 Seller,5.0,167.0,False,False,False
20220612150444,2022-06-12,data/data-entry,5.0,"I will collect email address, website, phone number, data entry, and lead generation",umerkhokhar786,Level 2 Seller,4.9,100.0,False,False,False
20220701044609,2022-07-01,data/data-entry,15.0,I will do accurate data entry and admin tasks,karladaniela715,Level 2 Seller,5.0,123.0,False,False,False
20220701044609,2022-07-01,data/data-entry,40.0,"I will find emails, list address, excel, data entry, data mining, data scraping",excel_lead,Top Rated Seller,5.0,,False,False,False
20220701044609,2022-07-01,data/data-entry,30.0,I will do accurate data entry for you,viaticusregis,Level 2 Seller,5.0,67.0,False,False,False
20220701044609,2022-07-01,data/data-entry,20.0,I will format ms word documents using styles,mbcpkumara,,5.0,13.0,False,False,False
20220701044609,2022-07-01,data/data-entry,60.0,"I will do perfect data entry, web research and copy paste",awais47,Top Rated Seller,5.0,,False,False,False
20220701044609,2022-07-01,data/data-entry,50.0,"I will be your virtual assistant for data entry, data mining, and web research",luna_akther,Level 1 Seller,5.0,30.0,False,False,False
20220701044609,2022-07-01,data/data-entry,15.0,"I will do data entry, copy and pasting, and internet research",jacob_frenzen,Level 2 Seller,5.0,92.0,False,False,False
20220701044609,2022-07-01,data/data-entry,10.0,"I will do perfect data entry, web research, copy paste",dataentrynasim,Level 2 Seller,5.0,181.0,False,False,False
20220807160929,2022-08-07,data/data-entry,5.0,I will transcribe your PDF in Excel,rashid2015,Level 2 Seller,5.0,29.0,False,False,False
20220807160929,2022-08-07,data/data-entry,5.0,"I will do excel data entry, web research, data entry, copy paste, virtual assistant",data_entry7223,,5.0,11.0,False,False,False
20220807160929,2022-08-07,data/data-entry,10.0,"I will do data entry, data collection, web research, copy paste, typing work",datavalue,Level 2 Seller,4.9,346.0,False,False,False
20220807160929,2022-08-07,data/data-entry,15.0,"I will be your virtual assistant for data entry, admin support, data mining",murad85,Level 2 Seller,5.0,7.0,False,False,False
20220807160929,2022-08-07,data/data-entry,5.0,"I will do excellent data entry, typing work, copy paste, transcript",dorian_lopez,,1.0,1.0,False,False,False
20220807160929,2022-08-07,data/data-entry,5.0,"I will do excel data entry, web research, copy paste, data entry, virtual assistant",nihar_roy,Level 2 Seller,5.0,96.0,False,False,False
20220807160929,2022-08-07,data/data-entry,5.0,"I will do data entry work,  web research",ahad_125,Level 2 Seller,4.8,85.0,False,False,False
20220807160929,2022-08-07,data/data-entry,10.0,I will clean your excel contact database,aghaffar82,Level 2 Seller,5.0,747.0,False,False,False
20220901115523,2022-09-01,data/data-entry,5.0,"I will do any research, data entry, product listing, copy paste and admin support work",srsalim1918_,Level 1 Seller,5.0,64.0,False,False,False
20220901115523,2022-09-01,data/data-entry,5.0,I will transcribe your PDF in Excel,rashid2015,Level 2 Seller,5.0,34.0,False,False,False
20220901115523,2022-09-01,data/data-entry,10.0,"I will do efficient data entry, copy paste, web data scrape and excel data entry",rattri,Level 2 Seller,5.0,190.0,False,False,False
20220901115523,2022-09-01,data/data-entry,10.0,I will be your professional virtual assistant for data entry work,fatema226,,1.0,1.0,False,False,False
20220901115523,2022-09-01,data/data-entry,5.0,"I will do any data entry, web research, proofread, and copy paste work",rosalyndarivera,,3.0,3.0,False,False,False
20220901115523,2022-09-01,data/data-entry,5.0,"I will do fast excel data entry, copy paste, typing, virtual assistant, and data entry",expertaduri,Level 2 Seller,5.0,154.0,False,False,False
20220901115523,2022-09-01,data/data-entry,5.0,"I will be a virtual assistant for data entry, pdf to word, pdf to excel, and typing",pro_data_expert,Level 2 Seller,4.9,159.0,False,False,False
20220901115523,2022-09-01,data/data-entry,5.0,I will do data entry for you,sp3nce,,1.0,1.0,False,False,False
20221004204136,2022-10-04,data/data-entry,10.0,"I will do data entry, copy paste, web research, excel data entry",mhnayeem,Level 2 Seller,5.0,87.0,False,False,False
20221004204136,2022-10-04,data/data-entry,10.0,"I will do data entry, data mining, internet research and copy paste",suzonn,Level 2 Seller,5.0,311.0,False,False,False
20221004204136,2022-10-04,data/data-entry,10.0,I will do big data entry,mformarkets,,4.0,4.0,False,False,False
20221004204136,2022-10-04,data/data-entry,5.0,"I will do fast typewrite copy from pdf, image to word excel, retype scanned documents",lancermonir,Level 2 Seller,5.0,58.0,False,False,False
20221004204136,2022-10-04,data/data-entry,5.0,"I will find business mail, data entry and web research",datacollect56,Level 2 Seller,4.9,54.0,False,False,False
20221004204136,2022-10-04,data/data-entry,10.0,"I will data entry, copy paste, web scraping and excel data entry",craft_dataentry,Level 2 Seller,4.9,344.0,False,False,False
20221004204136,2022-10-04,data/data-entry,30.0,"I will do data entry, data mining, web scraping and copy paste",mr_wajidmaster,Level 2 Seller,5.0,286.0,False,False,False
20221004204136,2022-10-04,data/data-entry,15.0,"I will do google, excel sheet, ms word, and pdf data entry",allahnawaz11,,1.0,1.0,False,False,False
20221104052120,2022-11-04,data/data-entry,5.0,I will transcribe your PDF in Excel,rashid2015,Level 1 Seller,5.0,40.0,False,False,False
20221104052120,2022-11-04,data/data-entry,5.0,"I will search any market,company,email,website,address,phone number",shoaibahmed02,Level 1 Seller,4.9,324.0,False,False,False
20221104052120,2022-11-04,data/data-entry,5.0,"I will be VA, data entry, web research, lead generation, copy paste, web scraping",fatimadataentry,Level 2 Seller,5.0,131.0,False,False,False
20221104052120,2022-11-04,data/data-entry,5.0,I will do any kind of typing and data entry job,jsumi1310,Level 2 Seller,5.0,288.0,False,False,False
20221104052120,2022-11-04,data/data-entry,5.0,"I will do professional typing, scanned or handwritten document",rimajain12,Level 2 Seller,5.0,23.0,False,False,True
20221104052120,2022-11-04,data/data-entry,10.0,I will virtual assistant for data entry and web search,kassak7358,Level 2 Seller,4.9,224.0,False,False,False
20221104052120,2022-11-04,data/data-entry,10.0,I will do excel data entry and web research precisely,ishtiak_14,Level 1 Seller,5.0,75.0,False,False,False
20221104052120,2022-11-04,data/data-entry,5.0,I will be your virtual assistant for data entry and web research,rimzaazam,Level 2 Seller,5.0,118.0,False,False,False
20230101042424,2023-01-01,data/data-entry,10.0,"I will do data entry, web research, copy paste, excel data entry, typing work",sherrymarmalate,Level 2 Seller,5.0,202.0,False,False,False
20230101042424,2023-01-01,data/data-entry,10.0,I will be your virtual assistant for data entry and web research,chelzy19,Level 2 Seller,5.0,509.0,False,False,False
20230101042424,2023-01-01,data/data-entry,20.0,"I will do data entry in excel, web scraping, web research, copy paste and finding email",nupurds,Top Rated Seller,4.9,404.0,False,False,False
20230101042424,2023-01-01,data/data-entry,5.0,"I will data entry, copy paste, web scraping and excel data entry",sumiakter_77,,4.9,11.0,False,False,False
20230101042424,2023-01-01,data/data-entry,10.0,"I will do fastest data entry excel, internet research",srabontynishu,Level 1 Seller,5.0,7.0,False,False,False
20230101042424,2023-01-01,data/data-entry,10.0,I will do any type of data entry and website research work,siegercreations,Top Rated Seller,5.0,481.0,False,False,False
20230101042424,2023-01-01,data/data-entry,5.0,"I will do data entry excel, word, database editing",numanunique,Level 2 Seller,5.0,713.0,False,False,False
20230101042424,2023-01-01,data/data-entry,5.0,"I will do data entry, copy paste, web research and excel data entry",bilalzahidpk,Level 1 Seller,5.0,31.0,False,False,False
20230203150953,2023-02-03,data/data-entry,10.0,I will be your virtual assistant for every business and personal tasks,pascaall,,4.0,4.0,False,False,False
20230203150953,2023-02-03,data/data-entry,75.0,"I will data entry, list building, web research",florentaaliu,Level 1 Seller,4.8,14.0,False,False,False
20230203150953,2023-02-03,data/data-entry,20.0,I will do excel data entry,umme_moriom28,Level 1 Seller,5.0,40.0,False,False,False
20230203150953,2023-02-03,data/data-entry,20.0,I will data entry in record time,mindyfiorino,,4.9,49.0,False,False,False
20230203150953,2023-02-03,data/data-entry,10.0,"I will be your virtual assistant for data entry, data mining, copy paste, web research",leadhunter_1,Level 2 Seller,4.9,164.0,False,False,False
20230203150953,2023-02-03,data/data-entry,15.0,I will help with any data entry and research,karladaniela715,Top Rated Seller,5.0,12.0,False,False,False
20230203150953,2023-02-03,data/data-entry,10.0,I will find valid business leads from linkedin sn and zoominfo,shahzaib7053,Level 1 Seller,5.0,29.0,False,False,False
20230203150953,2023-02-03,data/data-entry,5.0,"I will do data entry, typing, copy paste, web research as a reliable virtual assistant",max_dataentry,Level 1 Seller,5.0,80.0,False,False,False
20230301015340,2023-03-01,data/data-entry,10.0,"I will do data entry, copy paste, web research and excel data entry",salahuddin072,Top Rated Seller,4.9,,False,False,False
20230301015340,2023-03-01,data/data-entry,15.0,I will do accurate data entry and admin tasks,karladaniela715,Top Rated Seller,5.0,182.0,False,False,False
20230301015340,2023-03-01,data/data-entry,5.0,"I will do excel data entry, copy paste, and web research",sheilamaedacs,Level 1 Seller,4.9,32.0,False,False,False
20230301015340,2023-03-01,data/data-entry,5.0,"I will search any market,company,email,website,address,phone number",shoaibahmed02,Level 1 Seller,5.0,421.0,False,False,False
20230301015340,2023-03-01,data/data-entry,10.0,"I will be your virtual assistant for data entry, web research",rimjimmili,Level 2 Seller,4.9,461.0,False,False,False
20230301015340,2023-03-01,data/data-entry,20.0,"I will leads expert, data collection, data collector and data extraction",itsahmadjaved,,2.0,2.0,False,False,False
20230301015340,2023-03-01,data/data-entry,5.0,"I will do data entry, web research, copy paste and excel data entry",akhtarhussain21,Level 2 Seller,5.0,249.0,False,False,False
20230301015340,2023-03-01,data/data-entry,5.0,"I will do data entry, data mining, web scraping, and web research",sohag37,Level 2 Seller,5.0,257.0,False,False,False
20230402163423,2023-04-02,data/data-entry,5.0,"I will do microsoft word document formatting, creating and editing",dheelaka23,Level 2 Seller,5.0,100.0,False,False,False
20230402163423,2023-04-02,data/data-entry,5.0,"I will provide all your excel needs, pro excel formulas retype docs",misterhmza,Level 2 Seller,5.0,34.0,False,False,False
20230402163423,2023-04-02,data/data-entry,60.0,I will tesis de grado e investigaciones,joseluis1970,Level 1 Seller,5.0,5.0,False,False,False
20230402163423,2023-04-02,data/data-entry,5.0,"I will precisely annotate images, videos and maps for your ai model",njaumoses,Level 2 Seller,5.0,151.0,False,True,False
20230402163423,2023-04-02,data/data-entry,10.0,"I will be your virtual assistant for data entry, web research",ahmeedsafwat9,Level 2 Seller,5.0,24.0,False,False,False
20230402163423,2023-04-02,data/data-entry,10.0,"I will do data entry, copy paste, web research and excel data entry",salahuddin072,Top Rated Seller,4.9,,False,False,False
20230402163423,2023-04-02,data/data-entry,5.0,I will do product entry wordpress data entry and content upload,kirnuism,Level 2 Seller,4.9,93.0,False,False,False
20230402163423,2023-04-02,data/data-entry,5.0,"I will search any market,company,email,website,address,phone number",shoaibahmed02,,5.0,441.0,False,False,False
20230515095939,2023-05-15,data/data-entry,5.0,"I will do web research,data entry any business email finding",,,,,False,False,False
20230515095939,2023-05-15,data/data-entry,5.0,"I will edit,format,redesign a pdf document microsoft ms word document",,,,,False,False,False
20230515095939,2023-05-15,data/data-entry,5.0,"I will do image annotation, data labeling, bounding box, text tagging for ml,ai model",,,,,False,True,False
20230515095939,2023-05-15,data/data-entry,20.0,"I will do excel data entry, copy paste, web scraping, web research, and finding email",,,,,False,False,False
20230515095939,2023-05-15,data/data-entry,10.0,"I will do excel data entry, contact list ,data collection, copy paste, web research",,,,,False,False,False
20230515095939,2023-05-15,data/data-entry,15.0,I will do data entry and web research for your business,,,,,False,False,False
20230515095939,2023-05-15,data/data-entry,5.0,"I will tag, annotate and label your images to bring ai to life",,,,,False,True,False
20230515095939,2023-05-15,data/data-entry,10.0,"I will do accurate data entry, copy paste, web scrap, PDF to excel",,,,,False,False,False
20230603222525,2023-06-03,data/data-entry,20.0,"I will efficient data entry, web research, scraping, lead generation work",,,,,False,False,False
20230603222525,2023-06-03,data/data-entry,10.0,"I will do excel data entry, web research, online data entry, copy paste work",,,,,False,False,False
20230603222525,2023-06-03,data/data-entry,5.0,"I will do data entry, data collection, web research and copy paste job for you",,,,,False,False,False
20230603222525,2023-06-03,data/data-entry,5.0,"I will edit,format,redesign a pdf document microsoft ms word document",,,,,False,False,False
20230603222525,2023-06-03,data/data-entry,10.0,I will do perfect economic business essays research case study management,,,,,False,False,False
20230603222525,2023-06-03,data/data-entry,10.0,"I will do excel data entry, copy paste, typing, web research",,,,,False,False,False
20230603222525,2023-06-03,data/data-entry,5.0,"I will do property search, title report, chain of title report",,,,,False,False,False
20230603222525,2023-06-03,data/data-entry,40.0,I will research speaking events and conferences for any topic,,,,,False,False,False
20230720093930,2023-07-20,data/data-entry,,"I will be your virtual assistant for data entry, typing, copy paste and web research",,,,,True,False,False
20230720093930,2023-07-20,data/data-entry,,"I will do excel data entry, web research, online data entry, copy paste work",,,,,True,False,False
20230720093930,2023-07-20,data/data-entry,,"I will do data entry, web scraping, excel, typing, copy paste work",,,,,True,False,False
20230720093930,2023-07-20,data/data-entry,,"I will do excel data entry, merge, cleanup, vlookup, advance excel, excel formulas",,,,,True,False,False
20230720093930,2023-07-20,data/data-entry,,"I will data entry, manual data entry typing work, convert PDF to word, data collection",,,,,True,False,False
20230720093930,2023-07-20,data/data-entry,,I will provide real estate property title search and surplus funds all over the USA,,,,,True,False,False
20230720093930,2023-07-20,data/data-entry,,"I will do property search, title report, chain of title report",,,,,True,False,False
20230720093930,2023-07-20,data/data-entry,,"I will do excel data entry, web research, copy paste, typing, PDF to excel, email find",,,,,True,False,False
20230820152748,2023-08-20,data/data-entry,30.0,I will activate your old user linkedin sales navigator,,,,,False,False,False
20230820152748,2023-08-20,data/data-entry,10.0,"I will design, format, edit word, excel, powerpoint presentation and pdf files",,,,,False,False,False
20230820152748,2023-08-20,data/data-entry,10.0,"I will do data entry, web research, excel data entry, typing, copy paste",,,,,False,False,False
20230820152748,2023-08-20,data/data-entry,10.0,"I will do real estate property title search, the chain of title report with all deeds",,,,,False,False,False
20230820152748,2023-08-20,data/data-entry,25.0,I will active linkedin sales navigator account for sales leads,,,,,False,False,False
20230820152748,2023-08-20,data/data-entry,10.0,I will do perfect zillow scraping for real estate within 24 hours,,,,,False,False,False
20230820152748,2023-08-20,data/data-entry,5.0,"I will take screenshot from website, pdf, video clips and many more",,,,,False,False,False
20230820152748,2023-08-20,data/data-entry,10.0,I will be your virtual assistant for data entry and web research,,,,,False,False,False
20230902200435,2023-09-02,data/data-entry,15.0,I will do b2b targeted lead generation using apollo and zoominfo and linkedin,,,,,False,False,False
20230902200435,2023-09-02,data/data-entry,15.0,I will do lead generation data entry,,,,,False,False,False
20230902200435,2023-09-02,data/data-entry,10.0,I will do perfect zillow scraping for real estate within 24 hours,,,,,False,False,False
20230902200435,2023-09-02,data/data-entry,5.0,"I will be virtual assistant of data entry, excel data cleaning, email finding",,,,,False,False,False
20230902200435,2023-09-02,data/data-entry,5.0,"I will redesign, format a pdf document microsoft ms word document",,,,,False,False,False
20230902200435,2023-09-02,data/data-entry,5.0,I will provide real estate property title search and surplus funds all over the USA,,,,,False,False,False
20230902200435,2023-09-02,data/data-entry,5.0,"I will do data entry, scraping and copy paste work",,,,,False,False,False
20230902200435,2023-09-02,data/data-entry,25.0,I will active linkedin sales navigator account for sales leads,,,,,False,False,False
20231222073120,2023-12-22,data/data-entry,25.0,"I will do data entry, copy paste, web research as your VA",,,,,False,False,False
20231222073120,2023-12-22,data/data-entry,20.0,"I will do data entry, online research, copy paste, and web scraping",,,,,False,False,False
20231222073120,2023-12-22,data/data-entry,20.0,"I will do excel data entry, copy paste, web scraping, pdf to excel and finding email",,,,,False,False,False
20231222073120,2023-12-22,data/data-entry,20.0,"I will be your virtual assistant for data entry, copy paste, typing and web research",,,,,False,False,False
20231222073120,2023-12-22,data/data-entry,20.0,"I will do quality data entry, web research and lead generation task",,,,,False,False,False
20231222073120,2023-12-22,data/data-entry,20.0,I will find any type of images and photos for you,,,,,False,False,False
20231222073120,2023-12-22,data/data-entry,20.0,"I will do data entry, copy paste, web research, excel data entry, pdf to excel",,,,,False,False,False
20231222073120,2023-12-22,data/data-entry,5.0,"I will do accurate data entry, copy paste, web research, excel data entry in 24 hours",,,,,False,False,False
20240130153154,2024-01-30,data/data-entry,20.0,"I will do lead generation, data entry and web research",,,,,False,False,False
20240130153154,2024-01-30,data/data-entry,20.0,"I will do data entry, web research, find business email and business contacts",,,,,False,False,False
20240130153154,2024-01-30,data/data-entry,20.0,"I will do data entry, copy paste, excel data entry, convert PDF, web research",,,,,False,False,False
20240130153154,2024-01-30,data/data-entry,20.0,"I will be your virtual assistant of any data entry, copy paste, web research, typing",,,,,False,False,False
20240130153154,2024-01-30,data/data-entry,20.0,"I will do excel data entry, web scraping, mining, listing, or finding email addresses",,,,,False,False,False
20240130153154,2024-01-30,data/data-entry,20.0,"I will do data entry, data mining, web research, copy paste and excel data entry jobs",,,,,False,False,False
20240130153154,2024-01-30,data/data-entry,20.0,"I will do fast and accurate data entry, copy paste and web research",,,,,False,False,False
20240130153154,2024-01-30,data/data-entry,20.0,I will be your microsoft word expert for creating ms word documents,,,,,False,False,False
20240201165851,2024-02-01,data/data-entry,20.0,"I will do data entry, data mining, web research, copy paste and excel data entry jobs",,,,,False,False,False
20240201165851,2024-02-01,data/data-entry,20.0,"I will do excel data entry, web scraping, mining, listing, or finding email addresses",,,,,False,False,False
20240201165851,2024-02-01,data/data-entry,20.0,"I will be your virtual assistant of any data entry, copy paste, web research, typing",,,,,False,False,False
20240201165851,2024-02-01,data/data-entry,20.0,"I will do lead generation, data entry and web research",,,,,False,False,False
20240201165851,2024-02-01,data/data-entry,20.0,"I will do data entry, web research, find business email and business contacts",,,,,False,False,False
20240201165851,2024-02-01,data/data-entry,20.0,"I will do data entry, copy paste, web research, excel data entry, pdf to excel",,,,,False,False,False
20240201165851,2024-02-01,data/data-entry,20.0,"I will do data entry, copy paste, excel data entry, convert PDF, web research",,,,,False,False,False
20240201165851,2024-02-01,data/data-entry,20.0,"I will do excel data entry and web research, admin support, emails",,,,,False,False,False
20240312024643,2024-03-12,data/data-entry,20.0,"I will do web scraping, web scraper, data entry, and data mining in 12 hours",,,,,False,False,False
20240312024643,2024-03-12,data/data-entry,25.0,I will make google accounts for you,,,,,False,False,False
20240312024643,2024-03-12,data/data-entry,20.0,"I will be virtual assistant of data entry, excel data cleaning, email finding",,,,,False,False,False
20240312024643,2024-03-12,data/data-entry,20.0,"I will serve as your virtual assistant for canva, data entry, data mining, copy paste",,,,,False,False,False
20240312024643,2024-03-12,data/data-entry,20.0,"I will take screenshot from website, pdf, video clips and many more",,,,,False,False,False
20240312024643,2024-03-12,data/data-entry,20.0,"I will do data entry, copy paste, web research, excel data entry, pdf to excel",,,,,False,False,False
20240312024643,2024-03-12,data/data-entry,20.0,"I will be your personal virtual assistant, data entry expert",,,,,False,False,False
20240312024643,2024-03-12,data/data-entry,5.0,I will do fast any data entry accurately for you,,,,,False,False,False
20240401122251,2024-04-01,data/data-entry,20.0,"I will do excel data entry, copy paste, web scraping, pdf to excel and finding email",,,,,False,False,False
20240401122251,2024-04-01,data/data-entry,20.0,"I will do web scraping, web scraper, data entry, and data mining in 12 hours",,,,,False,False,False
20240401122251,2024-04-01,data/data-entry,20.0,"I will do data entry, data collection, web research and copy paste jobs for you",,,,,False,False,False
20240401122251,2024-04-01,data/data-entry,5.0,I will do fast any data entry accurately for you,,,,,False,False,False
20240401122251,2024-04-01,data/data-entry,20.0,"I will do data entry, web research, excel data cleaning, copy paste",,,,,False,False,False
20240401122251,2024-04-01,data/data-entry,20.0,"I will do data entry, copy paste, excel data entry, convert PDF, web research",,,,,False,False,False
20240401122251,2024-04-01,data/data-entry,20.0,I will do data entry typing work and admin work,,,,,False,False,False
20240401122251,2024-04-01,data/data-entry,5.0,"I will do accurate data entry, copy paste, web research, excel data entry in 24 hours",,,,,False,False,False
20240501062732,2024-05-01,data/data-entry,20.0,,,,,,False,False,False
20240501062732,2024-05-01,data/data-entry,20.0,,,,,,False,False,False
20240501062732,2024-05-01,data/data-entry,5.0,,,,,,False,False,False
20240501062732,2024-05-01,data/data-entry,5.0,,,,,,False,False,False
20240501062732,2024-05-01,data/data-entry,20.0,,,,,,False,False,False
20240501062732,2024-05-01,data/data-entry,20.0,,,,,,False,False,False
20240501062732,2024-05-01,data/data-entry,20.0,,,,,,False,False,False
20240501062732,2024-05-01,data/data-entry,20.0,,,,,,False,False,False
20240601133930,2024-06-01,data/data-entry,5.0,,,,,,False,False,False
20240601133930,2024-06-01,data/data-entry,20.0,,,,,,False,False,False
20240601133930,2024-06-01,data/data-entry,20.0,,,,,,False,False,False
20240601133930,2024-06-01,data/data-entry,20.0,,,,,,False,False,False
20240601133930,2024-06-01,data/data-entry,20.0,,,,,,False,False,False
20240601133930,2024-06-01,data/data-entry,20.0,,,,,,False,False,False
20240601133930,2024-06-01,data/data-entry,20.0,,,,,,False,False,False
20240601133930,2024-06-01,data/data-entry,20.0,,,,,,False,False,False
20240701182622,2024-07-01,data/data-entry,5.0,,,,,,False,False,False
20240701182622,2024-07-01,data/data-entry,20.0,,,,,,False,False,False
20240701182622,2024-07-01,data/data-entry,20.0,,,,,,False,False,False
20240701182622,2024-07-01,data/data-entry,20.0,,,,,,False,False,False
20240701182622,2024-07-01,data/data-entry,5.0,,,,,,False,False,False
20240701182622,2024-07-01,data/data-entry,20.0,,,,,,False,False,False
20240701182622,2024-07-01,data/data-entry,20.0,,,,,,False,False,False
20240701182622,2024-07-01,data/data-entry,20.0,,,,,,False,False,False
20240801103214,2024-08-01,data/data-entry,20.0,,,,,,False,False,False
20240801103214,2024-08-01,data/data-entry,20.0,,,,,,False,False,False
20240801103214,2024-08-01,data/data-entry,5.0,,,,,,False,False,False
20240801103214,2024-08-01,data/data-entry,30.0,,,,,,False,False,False
20240801103214,2024-08-01,data/data-entry,20.0,,,,,,False,False,False
20240801103214,2024-08-01,data/data-entry,20.0,,,,,,False,False,False
20240801103214,2024-08-01,data/data-entry,20.0,,,,,,False,False,False
20240801103214,2024-08-01,data/data-entry,20.0,,,,,,False,False,False
20240901113451,2024-09-01,data/data-entry,20.0,,,,,,False,False,False
20240901113451,2024-09-01,data/data-entry,20.0,,,,,,False,False,False
20240901113451,2024-09-01,data/data-entry,20.0,,,,,,False,False,False
20240901113451,2024-09-01,data/data-entry,5.0,,,,,,False,False,False
20240901113451,2024-09-01,data/data-entry,20.0,,,,,,False,False,False
20240901113451,2024-09-01,data/data-entry,20.0,,,,,,False,False,False
20240901113451,2024-09-01,data/data-entry,20.0,,,,,,False,False,False
20240901113451,2024-09-01,data/data-entry,45.0,,,,,,False,False,False
20241001014619,2024-10-01,data/data-entry,5.0,,,,,,False,False,False
20241001014619,2024-10-01,data/data-entry,20.0,,,,,,False,False,False
20241001014619,2024-10-01,data/data-entry,20.0,,,,,,False,False,False
20241001014619,2024-10-01,data/data-entry,20.0,,,,,,False,False,False
20241001014619,2024-10-01,data/data-entry,20.0,,,,,,False,False,False
20241001014619,2024-10-01,data/data-entry,20.0,,,,,,False,False,False
20241001014619,2024-10-01,data/data-entry,20.0,,,,,,False,False,False
20241001014619,2024-10-01,data/data-entry,20.0,,,,,,False,False,False
20210501075411,2021-05-01,graphics-design/creative-logo-design,10.0,I will design 3 modern minimalist logo design,design_desk,Level 2 Seller,4.9,,False,False,False
20210501075411,2021-05-01,graphics-design/creative-logo-design,10.0,I will create a flat minimalist logo design,mountdesign,Level 2 Seller,4.9,,False,False,False
20210501075411,2021-05-01,graphics-design/creative-logo-design,30.0,I will do minimalist modern and business logo design,studioawest,Level 2 Seller,4.9,,False,False,False
20210501075411,2021-05-01,graphics-design/creative-logo-design,20.0,I will design 3 modern minimalist logo design,weperfectionist,Top Rated Seller,4.9,,False,False,False
20210501075411,2021-05-01,graphics-design/creative-logo-design,50.0,I will design professional business logo with copyrights,shailene_george,Top Rated Seller,4.9,,False,False,False
20210501075411,2021-05-01,graphics-design/creative-logo-design,45.0,I will do 3 minimalist logo design in 24 hours,thedesignaffair,Level 2 Seller,4.9,,False,False,False
20210501075411,2021-05-01,graphics-design/creative-logo-design,10.0,I will design signature or hand drawn or font logo or handwritten or text,amenashopia,Level 2 Seller,4.9,210.0,False,False,True
20210501075411,2021-05-01,graphics-design/creative-logo-design,15.0,I will design a creative versatile business logo,saqidesignz,Level 2 Seller,4.9,144.0,False,False,False
20210602202336,2021-06-02,graphics-design/creative-logo-design,95.0,I will design 3 modern minimalist logo design,lisavideointro,Top Rated Seller,4.9,,False,False,False
20210602202336,2021-06-02,graphics-design/creative-logo-design,10.0,I will design 3 flat minimalist logo design,mountdesign,Level 2 Seller,4.9,,False,False,False
20210602202336,2021-06-02,graphics-design/creative-logo-design,20.0,I will design 3 modern minimalist logo design,weperfectionist,Top Rated Seller,4.9,,False,False,False
20210602202336,2021-06-02,graphics-design/creative-logo-design,10.0,I will design 3 modern minimalist logo design in 24 hrs,design_desk,Level 2 Seller,4.9,,False,False,False
20210602202336,2021-06-02,graphics-design/creative-logo-design,30.0,I will do minimalist modern and business logo design,studioawest,Level 2 Seller,4.9,,False,False,False
20210602202336,2021-06-02,graphics-design/creative-logo-design,5.0,I will design your own custom logo design,umarabbass,Level 1 Seller,4.9,115.0,False,False,False
20210602202336,2021-06-02,graphics-design/creative-logo-design,10.0,I will design 3 modern minimalist logo design in 24 hours,logoflow,Level 2 Seller,4.9,,False,False,False
20210602202336,2021-06-02,graphics-design/creative-logo-design,40.0,I will design a professional modern business logo with copyrights,shailene_george,Top Rated Seller,4.9,,False,False,False
20210702064537,2021-07-02,graphics-design/creative-logo-design,10.0,I will design 3 modern minimalist logo design in 24 hours,logoflow,Level 2 Seller,4.9,,False,False,False
20210702064537,2021-07-02,graphics-design/creative-logo-design,20.0,I will do modern line art text or badge logo design,mrtranscendence,Top Rated Seller,4.9,,False,False,False
20210702064537,2021-07-02,graphics-design/creative-logo-design,10.0,I will design 3 modern minimalist logo design 24 hrs,design_desk,Level 2 Seller,4.9,,False,False,False
20210702064537,2021-07-02,graphics-design/creative-logo-design,20.0,I will design 3 modern minimalist logo design,weperfectionist,Top Rated Seller,4.9,,False,False,False
20210702064537,2021-07-02,graphics-design/creative-logo-design,95.0,I will design 3 modern minimalist logo design,lisavideointro,Top Rated Seller,4.9,,False,False,False
20210702064537,2021-07-02,graphics-design/creative-logo-design,30.0,I will do minimalist modern and business logo design,studioawest,Level 2 Seller,4.9,,False,False,False
20210702064537,2021-07-02,graphics-design/creative-logo-design,5.0,I will design modern minimalist logo design,modernmarvel,Level 2 Seller,4.9,,False,False,False
20210702064537,2021-07-02,graphics-design/creative-logo-design,10.0,I will design 3 flat minimalist logo design,mountdesign,Level 2 Seller,4.9,,False,False,False
20220101001222,2022-01-01,graphics-design/creative-logo-design,135.0,I will do modern minimalist luxury logo design for your business,pixlancer,Top Rated Seller,5.0,336.0,False,False,False
20220101001222,2022-01-01,graphics-design/creative-logo-design,15.0,I will redesign modern versatile minimalist business luxury logo,harrykolsan,,5.0,28.0,False,False,False
20220101001222,2022-01-01,graphics-design/creative-logo-design,75.0,I will design a sleek modern minimalist logo,spicyopu,Top Rated Seller,4.9,,False,False,False
20220101001222,2022-01-01,graphics-design/creative-logo-design,225.0,Our studio will design brand identity and logo animation,GAMAZU STUDIOS,,5.0,42.0,False,False,False
20220101001222,2022-01-01,graphics-design/creative-logo-design,250.0,I will design your minimalist logo,leariga,Top Rated Seller,5.0,643.0,False,False,False
20220101001222,2022-01-01,graphics-design/creative-logo-design,650.0,I will create logo design for you,picaburo,,3.0,3.0,False,False,False
20220101001222,2022-01-01,graphics-design/creative-logo-design,300.0,I will do branded logo design,graphic_traffic,Top Rated Seller,5.0,217.0,False,False,False
20220101001222,2022-01-01,graphics-design/creative-logo-design,250.0,I will design unique minimalist logo,drashkos,Top Rated Seller,4.9,,False,False,False
20220301141935,2022-03-01,graphics-design/creative-logo-design,125.0,I will do modern minimalist logo design,designsbysaba,Top Rated Seller,4.9,504.0,False,False,False
20220301141935,2022-03-01,graphics-design/creative-logo-design,375.0,I will create an organic hand drawn logo,mscarlettdesign,Top Rated Seller,5.0,211.0,False,False,True
20220301141935,2022-03-01,graphics-design/creative-logo-design,75.0,"I will design vintage hand drawn family crest, heraldic logo",ghenny,Level 2 Seller,5.0,76.0,False,False,True
20220301141935,2022-03-01,graphics-design/creative-logo-design,30.0,I will create a luxury modern minimalist professional logo design,tahashafique378,Level 1 Seller,4.9,19.0,False,False,False
20220301141935,2022-03-01,graphics-design/creative-logo-design,55.0,I will create a clean logo design,samantarunderso,Level 1 Seller,5.0,8.0,False,False,False
20220301141935,2022-03-01,graphics-design/creative-logo-design,15.0,I will create awesome minimalist luxury redesign business logo design,foxtail_design,,4.7,32.0,False,False,False
20220301141935,2022-03-01,graphics-design/creative-logo-design,420.0,Our studio will create vintage logo and brand identity design,jenggotnaga,,2.0,2.0,False,False,False
20220301141935,2022-03-01,graphics-design/creative-logo-design,15.0,I will do luxury creative modern minimalist logo design or redesign,wigishigi,,4.8,10.0,False,False,False
20220402170912,2022-04-02,graphics-design/creative-logo-design,25.0,I will create modern minimalist and luxury logo design,kevinrogerr,Level 2 Seller,5.0,,False,False,False
20220402170912,2022-04-02,graphics-design/creative-logo-design,25.0,I will do a modern minimalist logo design,listypop,Top Rated Seller,4.9,,False,False,False
20220402170912,2022-04-02,graphics-design/creative-logo-design,45.0,I will design clever monogram logo,hello_friday,Top Rated Seller,4.9,,False,False,False
20220402170912,2022-04-02,graphics-design/creative-logo-design,45.0,I will create modern minimalist and luxury logo design,harshas,Level 2 Seller,4.9,,False,False,False
20220402170912,2022-04-02,graphics-design/creative-logo-design,95.0,I will create your logo design for your business or event,cbcdesigns,Level 2 Seller,5.0,368.0,False,False,False
20220402170912,2022-04-02,graphics-design/creative-logo-design,15.0,I will do initial business minimalist logo design or redesign,mani_graphix,Level 2 Seller,4.9,62.0,False,False,False
20220402170912,2022-04-02,graphics-design/creative-logo-design,45.0,I will design a professional and high quality logo,nichole_rose,Top Rated Seller,4.9,,False,False,False
20220402170912,2022-04-02,graphics-design/creative-logo-design,255.0,I will design a complete signature branding kit for you,shabeena90,Level 2 Seller,5.0,111.0,False,False,False
20220402170912,2022-04-02,graphics-design/creative-logo-design,100.0,Our studio will design a minimalist unique company logo and stationery,Graphic Empire,,4.8,28.0,False,False,False
20220402170912,2022-04-02,graphics-design/creative-logo-design,45.0,I will create modern minimalist and luxury logo design,harshas,Level 2 Seller,4.9,,False,False,False
20220402170912,2022-04-02,graphics-design/creative-logo-design,110.0,I will design creative and minimalist negative space logo,loftydesignshop,Level 2 Seller,4.8,,False,False,False
20220402170912,2022-04-02,graphics-design/creative-logo-design,45.0,I will design clever monogram logo,hello_friday,Top Rated Seller,4.9,,False,False,False
20220609153355,2022-06-09,graphics-design/creative-logo-design,25.0,I will make professional logo design,scorpion6,Top Rated Seller,4.9,,False,False,False
20220609153355,2022-06-09,graphics-design/creative-logo-design,30.0,I will design logo for your business with unlimited revisions,zera93,Top Rated Seller,5.0,,False,False,False
20220609153355,2022-06-09,graphics-design/creative-logo-design,80.0,I will design creative logo with all files in 72h,skydesigner,Top Rated Seller,4.9,,False,False,False
20220609153355,2022-06-09,graphics-design/creative-logo-design,125.0,I will craft 5 logo design concepts to  boost your brand recognition,cre8iveartwork,Top Rated Seller,4.9,,False,False,False
20220609153355,2022-06-09,graphics-design/creative-logo-design,30.0,I will do professional unique logo design within 24hrs,kennethgayle,Level 2 Seller,4.8,248.0,False,False,False
20220609153355,2022-06-09,graphics-design/creative-logo-design,15.0,I will do modern minimalist initial letter unique business logo design,lali189,,5.0,7.0,False,False,False
20220609153355,2022-06-09,graphics-design/creative-logo-design,350.0,Our studio will design a creative and unique brand identity,hipinspire studio,,5.0,58.0,False,False,False
20220609153355,2022-06-09,graphics-design/creative-logo-design,250.0,I will design a modern minimalist logo,kaixx8,Top Rated Seller,5.0,564.0,False,False,False
20220609153355,2022-06-09,graphics-design/creative-logo-design,130.0,I will design a timeless logo,softriver,Top Rated Seller,4.9,,False,False,False
20220609153355,2022-06-09,graphics-design/creative-logo-design,80.0,I will design a modern corporate logo,alphavision,Top Rated Seller,5.0,502.0,False,False,False
20220609153355,2022-06-09,graphics-design/creative-logo-design,15.0,I will do modern minimalist initial real estate business logo design,beastinside111,,4.9,12.0,False,False,False
20220609153355,2022-06-09,graphics-design/creative-logo-design,85.0,I will create hand drawn vintage logo design,milanga,Top Rated Seller,4.8,521.0,False,False,True
20220701012136,2022-07-01,graphics-design/creative-logo-design,25.0,I will make professional logo design,scorpion6,Top Rated Seller,4.9,,False,False,False
20220701012136,2022-07-01,graphics-design/creative-logo-design,30.0,I will do modern business logo design with copyrights,shailene_george,Top Rated Seller,4.9,,False,False,False
20220701012136,2022-07-01,graphics-design/creative-logo-design,80.0,I will design creative logo with all files in 72h,skydesigner,Top Rated Seller,4.9,,False,False,False
20220701012136,2022-07-01,graphics-design/creative-logo-design,125.0,I will craft 5 logo design concepts to  boost your brand recognition,cre8iveartwork,Top Rated Seller,4.9,,False,False,False
20220701012136,2022-07-01,graphics-design/creative-logo-design,30.0,"I will create awesome unique cartoon character, mascot logo",logosbynhan,Top Rated Seller,4.9,,False,False,False
20220701012136,2022-07-01,graphics-design/creative-logo-design,95.0,I will do a complete logo design branding for your business,actualreviewnet,Level 2 Seller,4.8,,False,False,False
20220701012136,2022-07-01,graphics-design/creative-logo-design,110.0,I will create a great retro vintage logo design,quick_draw1,Level 2 Seller,5.0,172.0,False,False,False
20220701012136,2022-07-01,graphics-design/creative-logo-design,25.0,I will do modern minimalist unique business logo design,milibro85,Level 2 Seller,4.9,39.0,False,False,False
20220701012136,2022-07-01,graphics-design/creative-logo-design,100.0,Our studio will design a minimalist unique company logo and stationery,Graphic Empire,,4.8,29.0,False,False,False
20220701012136,2022-07-01,graphics-design/creative-logo-design,300.0,I will create your timeless logo design,aestheticx,Top Rated Seller,5.0,,False,False,False
20220701012136,2022-07-01,graphics-design/creative-logo-design,10.0,I will create minimalist luxury fashion brand logo in 24 hrs,nasirstudio,Level 1 Seller,4.8,53.0,False,False,False
20220701012136,2022-07-01,graphics-design/creative-logo-design,50.0,I will do professional 3d business logo design with free revisions,dezigner_pr0,,4.9,17.0,False,False,False
20220801195430,2022-08-01,graphics-design/creative-logo-design,15.0,I will design an outstanding logo,ei8htz,Top Rated Seller,4.9,,False,False,False
20220801195430,2022-08-01,graphics-design/creative-logo-design,10.0,I will design 3 modern minimalist logo design,logoflow,Level 2 Seller,4.9,,False,False,False
20220801195430,2022-08-01,graphics-design/creative-logo-design,40.0,I will do modern timeless logo design with copyrights,mohsinyasin,Level 2 Seller,4.9,457.0,False,False,False
20220801195430,2022-08-01,graphics-design/creative-logo-design,30.0,I will do minimalist modern and business logo design,studioawest,Level 2 Seller,4.9,,False,False,False
20220801195430,2022-08-01,graphics-design/creative-logo-design,95.0,I will do 5 modern minimalist logo design for your business,lisavideointro,Top Rated Seller,4.9,,False,False,False
20220801195430,2022-08-01,graphics-design/creative-logo-design,15.0,I will do modern line art text or badge logo design,mrtranscendence,Top Rated Seller,4.9,,False,False,False
20220801195430,2022-08-01,graphics-design/creative-logo-design,30.0,I will do modern business logo design with copyrights,shailene_george,Top Rated Seller,4.9,,False,False,False
20220801195430,2022-08-01,graphics-design/creative-logo-design,15.0,I will design 3 modern minimalist logo design,weperfectionist,Top Rated Seller,4.9,,False,False,False
20220901110307,2022-09-01,graphics-design/creative-logo-design,10.0,I will design 3 modern minimalist flat logo designs,design_desk,Level 2 Seller,4.9,,False,False,False
20220901110307,2022-09-01,graphics-design/creative-logo-design,10.0,"I will design lettering, timeless, word, text logo",fineartsbd,Level 2 Seller,5.0,46.0,False,False,False
20220901110307,2022-09-01,graphics-design/creative-logo-design,25.0,I will design 3 modern minimalist logo design,weperfectionist,Top Rated Seller,4.9,,False,False,False
20220901110307,2022-09-01,graphics-design/creative-logo-design,10.0,I will design 3 modern minimalist logo design in 24 hours,logoflow,Level 2 Seller,4.9,,False,False,False
20220901110307,2022-09-01,graphics-design/creative-logo-design,50.0,"I will design custom hand lettering, calligraphy, and typography logo",grimletter,Level 2 Seller,4.9,230.0,False,False,False
20220901110307,2022-09-01,graphics-design/creative-logo-design,15.0,I will design an outstanding logo,ei8htz,Top Rated Seller,4.9,,False,False,False
20220901110307,2022-09-01,graphics-design/creative-logo-design,20.0,I will design exclusive urban logo for your streetwear brand,buzzzy,Level 2 Seller,4.9,538.0,False,False,False
20220901110307,2022-09-01,graphics-design/creative-logo-design,25.0,I will do modern line art text or badge logo design,mrtranscendence,Top Rated Seller,4.9,,False,False,False
20221001164735,2022-10-01,graphics-design/creative-logo-design,25.0,I will do modern business logo design with copyrights,shailene_george,Top Rated Seller,4.9,,False,False,False
20221001164735,2022-10-01,graphics-design/creative-logo-design,45.0,I will do modern line art text or badge logo design,mrtranscendence,Top Rated Seller,4.9,,False,False,False
20221001164735,2022-10-01,graphics-design/creative-logo-design,10.0,I will design 3 modern minimalist logo design,logoflow,Level 2 Seller,4.9,,False,False,False
20221001164735,2022-10-01,graphics-design/creative-logo-design,30.0,I will do minimalist modern and business logo design,studioawest,Level 2 Seller,4.9,,False,False,False
20221001164735,2022-10-01,graphics-design/creative-logo-design,15.0,I will design 3 modern minimalist logo design,weperfectionist,Top Rated Seller,4.9,,False,False,False
20221001164735,2022-10-01,graphics-design/creative-logo-design,15.0,I will design an elegant single line art logo from your image,ki_creation,Level 2 Seller,4.9,33.0,False,False,False
20221001164735,2022-10-01,graphics-design/creative-logo-design,15.0,I will design an outstanding logo,ei8htz,Top Rated Seller,4.9,,False,False,False
20221001164735,2022-10-01,graphics-design/creative-logo-design,95.0,I will do 5 modern minimalist logo design for your business,lisavideointro,Top Rated Seller,4.9,,False,False,False
20221102083029,2022-11-02,graphics-design/creative-logo-design,25.0,I will do modern minimalist professional logo design,frankietheboss,Top Rated Seller,4.9,,False,False,False
20221102083029,2022-11-02,graphics-design/creative-logo-design,15.0,I will design an outstanding logo,ei8htz,Top Rated Seller,4.9,,False,False,False
20221102083029,2022-11-02,graphics-design/creative-logo-design,95.0,I will do 5 modern minimalist logo design for your business,lisavideointro,Top Rated Seller,4.9,,False,False,False
20221102083029,2022-11-02,graphics-design/creative-logo-design,45.0,I will do modern line art text or badge logo design,mrtranscendence,Top Rated Seller,4.9,,False,False,False
20221102083029,2022-11-02,graphics-design/creative-logo-design,25.0,I will design 3 modern minimalist logo design,weperfectionist,Top Rated Seller,4.9,,False,False,False
20221102083029,2022-11-02,graphics-design/creative-logo-design,10.0,I will design 3 flat minimalist logo design,mountdesign,Level 2 Seller,4.9,,False,False,False
20221102083029,2022-11-02,graphics-design/creative-logo-design,10.0,I will design 3 modern minimalist logo design in 24 hours,logoflow,Level 2 Seller,4.9,,False,False,False
20221102083029,2022-11-02,graphics-design/creative-logo-design,10.0,I will design 3 modern minimalist flat business logo design in 24 hrs,design_desk,Level 2 Seller,4.9,,False,False,False
20221201194136,2022-12-01,graphics-design/creative-logo-design,95.0,I will do 5 modern minimalist logo design for your business,lisavideointro,Top Rated Seller,4.9,,False,False,False
20221201194136,2022-12-01,graphics-design/creative-logo-design,30.0,I will do minimalist modern and business logo design,studioawest,Level 2 Seller,4.9,,False,False,False
20221201194136,2022-12-01,graphics-design/creative-logo-design,15.0,I will design an outstanding logo,ei8htz,Top Rated Seller,4.9,,False,False,False
20221201194136,2022-12-01,graphics-design/creative-logo-design,25.0,I will create a modern minimalist logo design,kaishabi15,Top Rated Seller,4.9,,False,False,False
20221201194136,2022-12-01,graphics-design/creative-logo-design,15.0,I will do modern line art text or badge logo design,mrtranscendence,Top Rated Seller,4.9,,False,False,False
20221201194136,2022-12-01,graphics-design/creative-logo-design,20.0,I will design 3 modern minimalist flat business logo design,design_desk,Level 2 Seller,4.9,,False,False,False
20221201194136,2022-12-01,graphics-design/creative-logo-design,10.0,I will design 3 flat minimalist logo design,mountdesign,Level 2 Seller,4.9,,False,False,False
20221201194136,2022-12-01,graphics-design/creative-logo-design,10.0,I will design 3 modern minimalist logo design in 24 hours,logoflow,Level 2 Seller,4.9,,False,False,False
20230101025856,2023-01-01,graphics-design/creative-logo-design,10.0,I will design 3 modern minimalist logo design,logoflow,Level 2 Seller,4.9,,False,False,False
20230101025856,2023-01-01,graphics-design/creative-logo-design,20.0,I will do 3 modern minimalist logo design,weperfectionist,Top Rated Seller,4.9,,False,False,False
20230101025856,2023-01-01,graphics-design/creative-logo-design,15.0,I will design an outstanding logo,ei8htz,Top Rated Seller,4.9,,False,False,False
20230101025856,2023-01-01,graphics-design/creative-logo-design,10.0,I will design 3 flat minimalist logo design,mountdesign,Level 2 Seller,4.9,,False,False,False
20230101025856,2023-01-01,graphics-design/creative-logo-design,15.0,I will do modern line art text or badge logo design,mrtranscendence,Top Rated Seller,4.9,,False,False,False
20230101025856,2023-01-01,graphics-design/creative-logo-design,30.0,I will do minimalist modern and business logo design,studioawest,Level 2 Seller,4.9,,False,False,False
20230101025856,2023-01-01,graphics-design/creative-logo-design,20.0,I will design 3 modern minimalist flat business logo design,design_desk,Level 2 Seller,4.9,,False,False,False
20230101025856,2023-01-01,graphics-design/creative-logo-design,70.0,I will design a modern and luxury minimalist logo,zunairaah,Top Rated Seller,4.9,,False,False,False
20230203143106,2023-02-03,graphics-design/creative-logo-design,25.0,I will do 3 modern minimalist logo design,weperfectionist,Top Rated Seller,4.9,,False,False,False
20230203143106,2023-02-03,graphics-design/creative-logo-design,10.0,I will design 3 flat minimalist logo design,mountdesign,Level 2 Seller,4.9,,False,False,False
20230203143106,2023-02-03,graphics-design/creative-logo-design,15.0,I will design an outstanding logo,ei8htz,Top Rated Seller,4.9,,False,False,False
20230203143106,2023-02-03,graphics-design/creative-logo-design,10.0,I will do a modern and elegant minimalist business logo design,delightlogoz,Level 2 Seller,4.9,890.0,False,False,False
20230203143106,2023-02-03,graphics-design/creative-logo-design,20.0,I will design modern 3d logo with free source files,seven27_sol,Level 2 Seller,4.9,,False,False,False
20230203143106,2023-02-03,graphics-design/creative-logo-design,95.0,"I will design cute mascot, cartoon character logo design",agrasucipto,Level 2 Seller,4.9,,False,False,False
20230203143106,2023-02-03,graphics-design/creative-logo-design,45.0,I will do modern line art text or badge logo design,mrtranscendence,Top Rated Seller,4.9,,False,False,False
20230203143106,2023-02-03,graphics-design/creative-logo-design,10.0,I will do 3 modern minimalist logo design in 24 hours,logoflow,Level 2 Seller,4.9,,False,False,False
20230301010908,2023-03-01,graphics-design/creative-logo-design,35.0,I will design your creative logo in 24hrs,vivek0401,Level 2 Seller,4.8,,False,False,False
20230301010908,2023-03-01,graphics-design/creative-logo-design,20.0,I will do 3 modern minimalist logo design,weperfectionist,Top Rated Seller,4.9,,False,False,False
20230301010908,2023-03-01,graphics-design/creative-logo-design,10.0,I will design flat minimalist business logo design,mountdesign,Level 2 Seller,4.9,,False,False,False
20230301010908,2023-03-01,graphics-design/creative-logo-design,10.0,I will design creative hand drawn and minimalist logo,nain_art92,Level 2 Seller,4.9,367.0,False,False,True
20230301010908,2023-03-01,graphics-design/creative-logo-design,15.0,I will do modern line art text or badge logo design,mrtranscendence,Top Rated Seller,4.9,,False,False,False
20230301010908,2023-03-01,graphics-design/creative-logo-design,10.0,I will do 3 modern minimalist logo design in 24 hours,logoflow,Level 2 Seller,4.9,,False,False,False
20230301010908,2023-03-01,graphics-design/creative-logo-design,85.0,I will do unique modern minimalist business logo design,tailor_brands,Top Rated Seller,4.9,,False,False,False
20230301010908,2023-03-01,graphics-design/creative-logo-design,25.0,I will do modern business logo design with copyrights,shailene_george,Top Rated Seller,4.9,,False,False,False
20230402152332,2023-04-02,graphics-design/creative-logo-design,10.0,"I will do luxury, modern, minimalist and 3d logo design in 12 hrs",kreative_logo1,Level 2 Seller,5.0,73.0,False,False,False
20230402152332,2023-04-02,graphics-design/creative-logo-design,10.0,I will do modern minimalist logo design,blvck_design,Level 2 Seller,5.0,497.0,False,False,False
20230402152332,2023-04-02,graphics-design/creative-logo-design,15.0,I will design minimal 3d pro business logo with free source file,bright_graphix,Level 1 Seller,4.9,74.0,False,False,False
20230402152332,2023-04-02,graphics-design/creative-logo-design,10.0,I will create custom company logo design for your business,kathreenrose,Level 2 Seller,5.0,,False,False,False
20230402152332,2023-04-02,graphics-design/creative-logo-design,20.0,I will do unique minimalist 3d business logo design in 24hours,logo_queen_100,Level 1 Seller,5.0,32.0,False,False,False
20230402152332,2023-04-02,graphics-design/creative-logo-design,20.0,I will create HQ trendy modern business logo design and redesign,alyssa_leah,Level 2 Seller,4.9,60.0,False,False,False
20230402152332,2023-04-02,graphics-design/creative-logo-design,25.0,I will do 3 custom minimalist business logo with free vector file,stdesigns,Level 2 Seller,4.9,,False,False,False
20230402152332,2023-04-02,graphics-design/creative-logo-design,65.0,I will design a creative modern minimalist business logo design,unique_lab,Level 2 Seller,4.8,,False,False,False
20230508041600,2023-05-08,graphics-design/creative-logo-design,15.0,I will outstanding 3d logo for your business,,,,,False,False,False
20230508041600,2023-05-08,graphics-design/creative-logo-design,5.0,I will design a simple exclusive logo for your streetwear brand,,,,,False,False,False
20230508041600,2023-05-08,graphics-design/creative-logo-design,10.0,I will create 3d minimalist business logo design with free vector,,,,,False,False,False
20230508041600,2023-05-08,graphics-design/creative-logo-design,15.0,I will do 3 modern minimalist logo design for business,,,,,False,False,False
20230508041600,2023-05-08,graphics-design/creative-logo-design,30.0,I will do modern minimalist simple business logo design,,,,,False,False,False
20230508041600,2023-05-08,graphics-design/creative-logo-design,25.0,I will create custom company logo design for your business,,,,,False,False,False
20230508041600,2023-05-08,graphics-design/creative-logo-design,20.0,I will do timeless unique and modern 2d and 3d business logo design,,,,,False,False,False
20230508041600,2023-05-08,graphics-design/creative-logo-design,95.0,I will do 3 modern minimalist logo design,,,,,False,False,False
20230601182609,2023-06-01,graphics-design/creative-logo-design,15.0,I will design professional perfect minimalist logo design,,,,,False,False,False
20230601182609,2023-06-01,graphics-design/creative-logo-design,15.0,I will design modern and amazing logo for your business,,,,,False,False,False
20230601182609,2023-06-01,graphics-design/creative-logo-design,10.0,I will do awesome business minimalist logo design in 24 hours,,,,,False,False,False
20230601182609,2023-06-01,graphics-design/creative-logo-design,10.0,I will create 3 flat minimalist logo design for your business,,,,,False,False,False
20230601182609,2023-06-01,graphics-design/creative-logo-design,25.0,I will do a modern minimalist logo design,,,,,False,False,False
20230601182609,2023-06-01,graphics-design/creative-logo-design,20.0,I will do 3 modern minimalist logo design for your business,,,,,False,False,False
20230601182609,2023-06-01,graphics-design/creative-logo-design,25.0,I will design modern minimalist logo design,,,,,False,False,False
20230601182609,2023-06-01,graphics-design/creative-logo-design,85.0,I will design a professional and beautiful logo,,,,,False,False,False
20230706112800,2023-07-06,graphics-design/creative-logo-design,25.0,I will create a professional minimalist business logo design,,,,,False,False,False
20230706112800,2023-07-06,graphics-design/creative-logo-design,20.0,I will design your modern minimalist business logo,,,,,False,False,False
20230706112800,2023-07-06,graphics-design/creative-logo-design,25.0,I will design awesome retro vintage logo,,,,,False,False,False
20230706112800,2023-07-06,graphics-design/creative-logo-design,20.0,"I will design character, mascot, or cartoon logo",,,,,False,False,False
20230706112800,2023-07-06,graphics-design/creative-logo-design,35.0,I will do character or mascot logo design,,,,,False,False,False
20230706112800,2023-07-06,graphics-design/creative-logo-design,5.0,I will design trendy minimalist logo with business branding,,,,,False,False,False
20230706112800,2023-07-06,graphics-design/creative-logo-design,30.0,I will design a luxury modern and minimalist logo,,,,,False,False,False
20230706112800,2023-07-06,graphics-design/creative-logo-design,30.0,I will professional unique logo design within 24hrs,,,,,False,False,False
20240101110655,2024-01-01,graphics-design/creative-logo-design,,I will do creative modern and memorable logo design,,,,,True,False,False
20240101110655,2024-01-01,graphics-design/creative-logo-design,,I will do creative modern unique 3d business logo design,,,,,True,False,False
20240101110655,2024-01-01,graphics-design/creative-logo-design,,I will do modern line art text or badge logo design,,,,,True,False,False
20240101110655,2024-01-01,graphics-design/creative-logo-design,,"I will do vintage , retro , classic , hipster badge , outdoor or business logo design",,,,,True,False,False
20240101110655,2024-01-01,graphics-design/creative-logo-design,,I will create professional modern minimalist business logo design,,,,,True,False,False
20240101110655,2024-01-01,graphics-design/creative-logo-design,,I will design a professional and modern minimalist logo for you,,,,,True,False,False
20240101110655,2024-01-01,graphics-design/creative-logo-design,,I will do highly creative modern and minimalist business logo design,,,,,True,False,False
20240101110655,2024-01-01,graphics-design/creative-logo-design,,I will do 3 modern minimalist logo design for business,,,,,True,False,False
20240201164730,2024-02-01,graphics-design/creative-logo-design,15.0,I will do creative minimalist and business logo design,,,,,False,False,False
20240201164730,2024-02-01,graphics-design/creative-logo-design,10.0,I will do 3 flat minimalist business logo,,,,,False,False,False
20240201164730,2024-02-01,graphics-design/creative-logo-design,10.0,I will do timeless modern minimalist professional business logo design,,,,,False,False,False
20240201164730,2024-02-01,graphics-design/creative-logo-design,15.0,I will do professional modern minimalist business logo design,,,,,False,False,False
20240201164730,2024-02-01,graphics-design/creative-logo-design,25.0,I will design modern minimalist logo design,,,,,False,False,False
20240201164730,2024-02-01,graphics-design/creative-logo-design,20.0,I will create unique modern minimalist business logo design,,,,,False,False,False
20240201164730,2024-02-01,graphics-design/creative-logo-design,30.0,I will do minimalist modern and business logo design,,,,,False,False,False
20240201164730,2024-02-01,graphics-design/creative-logo-design,65.0,I will design a memorable minimalist logo,,,,,False,False,False
20240312023356,2024-03-12,graphics-design/creative-logo-design,10.0,I will do a unique minimalist logo design with free source files,,,,,False,False,False
20240312023356,2024-03-12,graphics-design/creative-logo-design,10.0,"I will make your patch for police, fire, ems, or military",,,,,False,False,False
20240312023356,2024-03-12,graphics-design/creative-logo-design,10.0,I will do super cool minimalist business logo design,,,,,False,False,False
20240312023356,2024-03-12,graphics-design/creative-logo-design,10.0,I will edit logo redraw redo remake or modify,,,,,False,False,False
20240312023356,2024-03-12,graphics-design/creative-logo-design,25.0,I will do modern line art text or badge logo design,,,,,False,False,False
20240312023356,2024-03-12,graphics-design/creative-logo-design,30.0,I will do minimalist modern and business logo design,,,,,False,False,False
20240312023356,2024-03-12,graphics-design/creative-logo-design,30.0,"I will design highly professional, modern minimalist logo design",,,,,False,False,False
20240312023356,2024-03-12,graphics-design/creative-logo-design,50.0,I will do unique and professional logo design with copyright,,,,,False,False,False
20240401121042,2024-04-01,graphics-design/creative-logo-design,15.0,I will do 3 modern minimalist logo design for business,,,,,False,False,False
20240401121042,2024-04-01,graphics-design/creative-logo-design,10.0,I will design a modern minimalist logo and instagram icon,,,,,False,False,False
20240401121042,2024-04-01,graphics-design/creative-logo-design,10.0,I will do unique modern minimalist logo design for your business,,,,,False,False,False
20240401121042,2024-04-01,graphics-design/creative-logo-design,5.0,"I will replicate, refresh, remake, rebrand, redesign, copy and modification in logo",,,,,False,False,False
20240401121042,2024-04-01,graphics-design/creative-logo-design,25.0,I will do modern line art text or badge logo design,,,,,False,False,False
20240401121042,2024-04-01,graphics-design/creative-logo-design,30.0,I will design creative minimalist logo,,,,,False,False,False
20240401121042,2024-04-01,graphics-design/creative-logo-design,25.0,I will create a modern minimalist logo design,,,,,False,False,False
20240401121042,2024-04-01,graphics-design/creative-logo-design,60.0,I will do a creative modern minimalist logo design for your business,,,,,False,False,False
20240501061723,2024-05-01,graphics-design/creative-logo-design,15.0,I will do 3 modern minimalist logo design for business,,,,,False,False,False
20240501061723,2024-05-01,graphics-design/creative-logo-design,10.0,I will do  minimalist business logo with source files,,,,,False,False,False
20240501061723,2024-05-01,graphics-design/creative-logo-design,10.0,I will redesign edit or update your logo creatively,,,,,False,False,False
20240501061723,2024-05-01,graphics-design/creative-logo-design,10.0,I will create a modern minimalist logo design,,,,,False,False,False
20240501061723,2024-05-01,graphics-design/creative-logo-design,25.0,I will do modern line art text or badge logo design,,,,,False,False,False
20240501061723,2024-05-01,graphics-design/creative-logo-design,30.0,I will design modern minimalist logo design,,,,,False,False,False
20240501061723,2024-05-01,graphics-design/creative-logo-design,25.0,I will create a modern minimalist logo design,,,,,False,False,False
20240501061723,2024-05-01,graphics-design/creative-logo-design,50.0,I will craft an unforgettable logo design tailored to your brand,,,,,False,False,False
20240601132626,2024-06-01,graphics-design/creative-logo-design,15.0,I will create 3 modern minimalist business logo design,,,,,False,False,False
20240601132626,2024-06-01,graphics-design/creative-logo-design,15.0,I will design a modern eye catchy business logo in 24 hour,,,,,False,False,False
20240601132626,2024-06-01,graphics-design/creative-logo-design,15.0,I will do 3 modern minimalist logo design for business,,,,,False,False,False
20240601132626,2024-06-01,graphics-design/creative-logo-design,15.0,I will do impressive modern business logo design within 12 hour,,,,,False,False,False
20240601132626,2024-06-01,graphics-design/creative-logo-design,25.0,I will do modern line art text or badge logo design,,,,,False,False,False
20240601132626,2024-06-01,graphics-design/creative-logo-design,25.0,I will create a modern minimalist logo design,,,,,False,False,False
20240601132626,2024-06-01,graphics-design/creative-logo-design,20.0,I will do clean modern minimalist business logo design,,,,,False,False,False
20240601132626,2024-06-01,graphics-design/creative-logo-design,95.0,I will design a professional and beautiful logo,,,,,False,False,False
20240701181118,2024-07-01,graphics-design/creative-logo-design,15.0,I will do creative minimalist business logo design,,,,,False,False,False
20240701181118,2024-07-01,graphics-design/creative-logo-design,15.0,I will do 3 modern minimalist logo design for business,,,,,False,False,False
20240701181118,2024-07-01,graphics-design/creative-logo-design,10.0,I will do unique modern minimalist logo design for your business,,,,,False,False,False
20240701181118,2024-07-01,graphics-design/creative-logo-design,15.0,"I will create logo, edit, redesign, minimalist business vector design for company brand",,,,,False,False,False
20240701181118,2024-07-01,graphics-design/creative-logo-design,45.0,I will do timeless modern minimalist business logo design,,,,,False,False,False
20240701181118,2024-07-01,graphics-design/creative-logo-design,25.0,I will do modern line art text or badge logo design,,,,,False,False,False
20240701181118,2024-07-01,graphics-design/creative-logo-design,45.0,I will do 3 modern minimalist logo design for your business,,,,,False,False,False
20240701181118,2024-07-01,graphics-design/creative-logo-design,75.0,I will design creative modern logo design,,,,,False,False,False
20240801101856,2024-08-01,graphics-design/creative-logo-design,10.0,I will create 2 stunning logo designs,,,,,False,False,False
20240801101856,2024-08-01,graphics-design/creative-logo-design,15.0,I will design 2 awesome business minimalist logo design in 24 hours,,,,,False,False,False
20240801101856,2024-08-01,graphics-design/creative-logo-design,15.0,I will do creative sports fitness event music business logo design,,,,,False,False,False
20240801101856,2024-08-01,graphics-design/creative-logo-design,10.0,I will create vector logo design for your company,,,,,False,False,False
20240801101856,2024-08-01,graphics-design/creative-logo-design,25.0,I will do modern line art text or badge logo design,,,,,False,False,False
20240801101856,2024-08-01,graphics-design/creative-logo-design,45.0,I will do 3 modern minimalist logo design for your business,,,,,False,False,False
20240801101856,2024-08-01,graphics-design/creative-logo-design,25.0,I will create a professional minimalist business logo design,,,,,False,False,False
20240801101856,2024-08-01,graphics-design/creative-logo-design,50.0,I will do logo design and custom branding solutions,,,,,False,False,False
20240901111803,2024-09-01,graphics-design/creative-logo-design,15.0,I will do 3 modern minimalist logo design for business,,,,,False,False,False
20240901111803,2024-09-01,graphics-design/creative-logo-design,10.0,I will create 2 stunning logo designs,,,,,False,False,False
20240901111803,2024-09-01,graphics-design/creative-logo-design,15.0,I will do creative minimalist business logo design,,,,,False,False,False
20240901111803,2024-09-01,graphics-design/creative-logo-design,10.0,"I will design a unique sports, mascot, esports and gaming logo",,,,,False,False,False
20240901111803,2024-09-01,graphics-design/creative-logo-design,25.0,I will do modern line art text or badge logo design,,,,,False,False,False
20240901111803,2024-09-01,graphics-design/creative-logo-design,30.0,I will do minimalist modern and business logo design,,,,,False,False,False
20240901111803,2024-09-01,graphics-design/creative-logo-design,45.0,Our agency will design a custom modern minimalist business logo,,,,,False,False,False
20240901111803,2024-09-01,graphics-design/creative-logo-design,50.0,I will do minimalist modern 3d professional business logo design,,,,,False,False,False
20241001013050,2024-10-01,graphics-design/creative-logo-design,15.0,I will do modern minimal logo design for your brand in 24hrs,,,,,False,False,False
20241001013050,2024-10-01,graphics-design/creative-logo-design,15.0,I will do creative minimalist business logo design,,,,,False,False,False
20241001013050,2024-10-01,graphics-design/creative-logo-design,10.0,I will create flat modern minimalist business logo design,,,,,False,False,False
20241001013050,2024-10-01,graphics-design/creative-logo-design,10.0,I will design a professional business logo,,,,,False,False,False
20241001013050,2024-10-01,graphics-design/creative-logo-design,35.0,I will create a business logo design for your brand,,,,,False,False,False
20241001013050,2024-10-01,graphics-design/creative-logo-design,20.0,I will create modern unique business logo design and brand identity,,,,,False,False,False
20241001013050,2024-10-01,graphics-design/creative-logo-design,25.0,I will do modern line art text or badge logo design,,,,,False,False,False
20241001013050,2024-10-01,graphics-design/creative-logo-design,65.0,I will design 3 modern minimalist logo design,,,,,False,False,False
20241110135715,2024-11-10,graphics-design/creative-logo-design,15.0,I will design custom logo for dj band music or any business,,,,,False,False,False
20241110135715,2024-11-10,graphics-design/creative-logo-design,15.0,I will design modern professional logo for your brand in 24hrs,,,,,False,False,False
20241110135715,2024-11-10,graphics-design/creative-logo-design,15.0,I will design modern eye catchy logo for your brand in 24hrs,,,,,False,False,False
20241110135715,2024-11-10,graphics-design/creative-logo-design,15.0,I will do modern luxury logo design for your brand in 24hrs,,,,,False,False,False
20241110135715,2024-11-10,graphics-design/creative-logo-design,25.0,I will do modern line art text or badge logo design,,,,,False,False,False
20241110135715,2024-11-10,graphics-design/creative-logo-design,20.0,I will create stunning retro vintage hand drawn logo design,,,,,False,False,True
20241110135715,2024-11-10,graphics-design/creative-logo-design,35.0,I will create a business logo design for your brand,,,,,False,False,False
20241110135715,2024-11-10,graphics-design/creative-logo-design,75.0,I will design your modern logo for optimal success,,,,,False,False,False
20241204103138,2024-12-04,graphics-design/creative-logo-design,15.0,I will do 3 modern minimalist logo design for business,,,,,False,False,False
20241204103138,2024-12-04,graphics-design/creative-logo-design,5.0,I will do modern minimalist business logo design,,,,,False,False,False
20241204103138,2024-12-04,graphics-design/creative-logo-design,10.0,I will create 2 stunning logo designs,,,,,False,False,False
20241204103138,2024-12-04,graphics-design/creative-logo-design,15.0,I will do minimalist logo design for business,,,,,False,False,False
20241204103138,2024-12-04,graphics-design/creative-logo-design,45.0,I will do 3 modern minimalist logo design for your business,,,,,False,False,False
20241204103138,2024-12-04,graphics-design/creative-logo-design,25.0,I will do modern line art text or badge logo design,,,,,False,False,False
20241204103138,2024-12-04,graphics-design/creative-logo-design,20.0,"I will do stunning business logo design, redesign and brand identity",,,,,False,False,False
20241204103138,2024-12-04,graphics-design/creative-logo-design,65.0,I will design a memorable minimalist logo,,,,,False,False,False
20210102005415,2021-01-02,graphics-design/social-media-design,75.0,I will create high quality aesthetic puzzle feed for your instagram,rielagenetiano,Level 2 Seller,5.0,50.0,False,False,False
20210102005415,2021-01-02,graphics-design/social-media-design,35.0,I will design an attractive and professional facebook cover,design2thrive,Top Rated Seller,5.0,,False,False,False
20210102005415,2021-01-02,graphics-design/social-media-design,5.0,I will design attractive social media carousel posts for your instagram,dhrumitkumbhani,Level 2 Seller,4.9,214.0,False,False,False
20210102005415,2021-01-02,graphics-design/social-media-design,15.0,I will design social media post facebook post instagram post ads,mdhishuvo,Level 2 Seller,5.0,107.0,False,False,False
20210102005415,2021-01-02,graphics-design/social-media-design,20.0,I will design a unique facebook timeline cover,jtengle,Top Rated Seller,5.0,995.0,False,False,False
20210102005415,2021-01-02,graphics-design/social-media-design,25.0,I will design an eye catching youtube banner and logo,muhammedgfx,Level 2 Seller,5.0,392.0,False,False,False
20210102005415,2021-01-02,graphics-design/social-media-design,5.0,I will design instagram posts or social media posts canva template,ansnaeem3,,5.0,9.0,False,False,False
20210102005415,2021-01-02,graphics-design/social-media-design,15.0,"I will design 15 attractive social media posts, banner ads service in 24 hours",freelancrsakib,Level 1 Seller,4.8,20.0,False,False,False
20210201012412,2021-02-01,graphics-design/social-media-design,5.0,I will create custom content for instagram ads and facebook ads,almomen980,Level 2 Seller,5.0,115.0,False,False,False
20210201012412,2021-02-01,graphics-design/social-media-design,35.0,I will create high quality and aesthetic instagram posts,victorinobelle,Level 2 Seller,5.0,96.0,False,False,False
20210201012412,2021-02-01,graphics-design/social-media-design,15.0,I will design an awesome youtube logo and banner,ahmed_designer9,Level 2 Seller,4.9,258.0,False,False,False
20210201012412,2021-02-01,graphics-design/social-media-design,20.0,"I will do social media kit, facebook cover, and instagram post",artareq36,Level 2 Seller,5.0,229.0,False,False,False
20210201012412,2021-02-01,graphics-design/social-media-design,60.0,I will create awesome social media graphics posts,mjane16_reyes,Level 2 Seller,4.9,173.0,False,False,False
20210201012412,2021-02-01,graphics-design/social-media-design,20.0,I will create stunning infographic posts for your ig page,sani340,Level 2 Seller,5.0,91.0,False,False,False
20210201012412,2021-02-01,graphics-design/social-media-design,10.0,"I will design creative social media posts, banners, ads, templates",ranjands,Level 1 Seller,4.8,36.0,False,False,False
20210201012412,2021-02-01,graphics-design/social-media-design,95.0,I will provide a professional graphic design and branding service,karolin,Top Rated Seller,5.0,,False,False,False
20210301090307,2021-03-01,graphics-design/social-media-design,10.0,I will design 5 premium facebook ads  high converting,alex_studios,Level 2 Seller,4.9,916.0,False,False,False
20210301090307,2021-03-01,graphics-design/social-media-design,15.0,I will create branded social media cover or banner,tinnuu,Level 2 Seller,4.9,216.0,False,False,False
20210301090307,2021-03-01,graphics-design/social-media-design,70.0,I will design unique and modern instagram posts,anarhos,Level 2 Seller,4.9,143.0,False,False,False
20210301090307,2021-03-01,graphics-design/social-media-design,25.0,I will design canva instagram templates for your brand,ktball,,5.0,71.0,False,False,False
20210301090307,2021-03-01,graphics-design/social-media-design,5.0,I will design 700 instagram business infographics quotes for instagram,patilandpatil,Level 2 Seller,5.0,704.0,False,False,False
20210301090307,2021-03-01,graphics-design/social-media-design,20.0,I will design epic youtube banner and logo,arxlanmahmood,Level 2 Seller,4.9,,False,False,False
20210301090307,2021-03-01,graphics-design/social-media-design,20.0,I will design amazing youtube thumbnail in 3 hours,hmailimaro,Level 2 Seller,5.0,,False,False,False
20210301090307,2021-03-01,graphics-design/social-media-design,15.0,I will provide creative ads for social media platforms,sachinsangwa413,Level 2 Seller,5.0,303.0,False,False,False
20210402035327,2021-04-02,graphics-design/social-media-design,55.0,I will create custom and professional social media templates,larakaplash,Level 2 Seller,4.9,251.0,False,False,False
20210402035327,2021-04-02,graphics-design/social-media-design,15.0,I will create premium quality social media designs for you,kaankeysan,Level 2 Seller,5.0,290.0,False,False,False
20210402035327,2021-04-02,graphics-design/social-media-design,50.0,I will do all graphics design and book cover designs,emilyy07,Top Rated Seller,5.0,58.0,False,False,False
20210402035327,2021-04-02,graphics-design/social-media-design,10.0,"I will do creative social media design, post, banner ads",designer_daviid,Level 2 Seller,5.0,595.0,False,False,False
20210402035327,2021-04-02,graphics-design/social-media-design,10.0,"I will design 20 unique social media posts, banner ads",azgraphics_01,Level 2 Seller,5.0,108.0,False,False,False
20210402035327,2021-04-02,graphics-design/social-media-design,20.0,I will design 50 pro social media posts for your brand,jigraphicexpert,Level 2 Seller,4.9,259.0,False,False,False
20210402035327,2021-04-02,graphics-design/social-media-design,20.0,I will design an eye catching youtube banner or logo,thekezad,Level 2 Seller,4.9,,False,False,False
20210402035327,2021-04-02,graphics-design/social-media-design,5.0,I will design over 60  breathtaking social media posts for 2021,ricardopoggi,,5.0,14.0,False,False,False
20210501075831,2021-05-01,graphics-design/social-media-design,20.0,I will design 50 pro social media posts for your brand,jigraphicexpert,Level 2 Seller,4.9,287.0,False,False,False
20210501075831,2021-05-01,graphics-design/social-media-design,15.0,I will provide creative ads for social media platforms,sachinsangwa413,Level 2 Seller,4.9,387.0,False,False,False
20210501075831,2021-05-01,graphics-design/social-media-design,50.0,I will create customs inspirational image quotes with your logo,luisfuenmayor,Top Rated Seller,5.0,854.0,False,False,False
20210501075831,2021-05-01,graphics-design/social-media-design,30.0,"I will create youtube channel with logo, art, intro, outro",rabeya_smm,Level 2 Seller,5.0,,False,False,False
20210501075831,2021-05-01,graphics-design/social-media-design,20.0,I will design instagram post and story content for aesthetic feed,shivanshi0526,Level 2 Seller,5.0,87.0,False,False,False
20210501075831,2021-05-01,graphics-design/social-media-design,5.0,"I will create any social media post design, facebook post, instagram post",tanimbhuiyan,Level 1 Seller,5.0,74.0,False,False,False
20210501075831,2021-05-01,graphics-design/social-media-design,50.0,I will design social media banner,gig_freak,Top Rated Seller,5.0,,False,False,False
20210501075831,2021-05-01,graphics-design/social-media-design,10.0,I will design attractive fb or instagram ads,design0killer,Level 2 Seller,4.9,,False,False,False
20210602204010,2021-06-02,graphics-design/social-media-design,75.0,I will design and write 10 awesome social media post,susgonzalezr,Level 2 Seller,5.0,28.0,False,False,False
20210602204010,2021-06-02,graphics-design/social-media-design,5.0,I will design business success tips infographics for instagram,customquoteshub,Level 2 Seller,4.9,143.0,False,False,False
20210602204010,2021-06-02,graphics-design/social-media-design,20.0,"I will design 20 unique social media posts, banner ads",azgraphics_01,Level 2 Seller,5.0,151.0,False,False,False
20210602204010,2021-06-02,graphics-design/social-media-design,25.0,I will design 50 pro social media posts for your brand,jigraphicexpert,Level 2 Seller,4.9,319.0,False,False,False
20210602204010,2021-06-02,graphics-design/social-media-design,20.0,I will design an attractive  youtube banner and logo,yassine45,Level 2 Seller,5.0,89.0,False,False,False
20210602204010,2021-06-02,graphics-design/social-media-design,5.0,"I will create a youtube channel, logo, banner, intro outro video",sakib_dof,Level 2 Seller,4.9,224.0,False,False,False
20210602204010,2021-06-02,graphics-design/social-media-design,15.0,I will design social media post facebook post instagram post ads,mdhishuvo,Level 2 Seller,4.9,274.0,False,False,False
20210602204010,2021-06-02,graphics-design/social-media-design,85.0,I will design and plan a cohesive instagram feed,carolinewirawan,Level 2 Seller,5.0,181.0,False,False,False
20210702065121,2021-07-02,graphics-design/social-media-design,10.0,"I will do modern and stylish social media design, ad, banner",sobanstudio,Level 1 Seller,4.9,34.0,False,False,False
20210702065121,2021-07-02,graphics-design/social-media-design,5.0,"I will create exceptional  social media flyer ig, fb, and church flyer",pgraffix,Level 2 Seller,4.9,220.0,False,False,False
20210702065121,2021-07-02,graphics-design/social-media-design,20.0,I will design amazing youtube thumbnail in 3 hours,hmailimaro,Level 2 Seller,5.0,,False,False,False
20210702065121,2021-07-02,graphics-design/social-media-design,5.0,I will create custom content for instagram ads and facebook ads,almomen980,Level 2 Seller,4.9,254.0,False,False,False
20210702065121,2021-07-02,graphics-design/social-media-design,20.0,I will design professional social media banner or creative ads,iamvipul,Top Rated Seller,4.9,,False,False,False
20210702065121,2021-07-02,graphics-design/social-media-design,40.0,I will design attractive social media posts and advertising,designer_akash3,Level 2 Seller,5.0,196.0,False,False,False
20210702065121,2021-07-02,graphics-design/social-media-design,15.0,I will design premium quality instagram post,sitnicdumitru,Level 2 Seller,5.0,566.0,False,False,False
20210702065121,2021-07-02,graphics-design/social-media-design,75.0,I will create 30 unique social media posts designs for whole month,shahbazafzal,Level 2 Seller,4.9,265.0,False,False,False
20210801232906,2021-08-01,graphics-design/social-media-design,20.0,I will design high converting facebook ads,genioblu,Level 2 Seller,5.0,,False,False,False
20210801232906,2021-08-01,graphics-design/social-media-design,5.0,I will design facebook ad image or post image in 24 hour,editors_king,Level 2 Seller,4.9,320.0,False,False,False
20210801232906,2021-08-01,graphics-design/social-media-design,35.0,I will create a canva instagram puzzle template for your feed,linis16,Level 2 Seller,5.0,226.0,False,False,False
20210801232906,2021-08-01,graphics-design/social-media-design,5.0,I will design attractive youtube thumbnails within 2 hours,graphics_xpert8,Level 2 Seller,5.0,,False,False,False
20210801232906,2021-08-01,graphics-design/social-media-design,85.0,I will design and plan a cohesive instagram feed,carolinewirawan,Level 1 Seller,5.0,213.0,False,False,False
20210801232906,2021-08-01,graphics-design/social-media-design,15.0,I will design social media post facebook post instagram post ads,mdhishuvo,Level 2 Seller,4.9,351.0,False,False,False
20210801232906,2021-08-01,graphics-design/social-media-design,15.0,I will design premium quality instagram post,sitnicdumitru,Level 2 Seller,5.0,606.0,False,False,False
20210801232906,2021-08-01,graphics-design/social-media-design,35.0,"I will design 20 unique social media posts, banner ads",azgraphics_01,Top Rated Seller,5.0,215.0,False,False,False
20210901140104,2021-09-01,graphics-design/social-media-design,50.0,"I will design creative social media posts, stories, carousel, and ads",annmomin,,5.0,8.0,False,False,False
20210901140104,2021-09-01,graphics-design/social-media-design,15.0,I will create professional and aesthetic instagram posts,ayannadesign,Level 1 Seller,4.8,49.0,False,False,False
20210901140104,2021-09-01,graphics-design/social-media-design,20.0,I will design professional social media banner or creative ads,iamvipul,Top Rated Seller,4.9,,False,False,False
20210901140104,2021-09-01,graphics-design/social-media-design,80.0,I will design your instagram feed,camila_car,Level 2 Seller,5.0,55.0,False,False,False
20210901140104,2021-09-01,graphics-design/social-media-design,10.0,"I will do creative social media design, post, banner ads",designer_daviid,Level 2 Seller,5.0,734.0,False,False,False
20210901140104,2021-09-01,graphics-design/social-media-design,20.0,I will create social media kit graphics,ubaidchohan,Top Rated Seller,5.0,307.0,False,False,False
20210901140104,2021-09-01,graphics-design/social-media-design,15.0,I will provide creative ads and social media design and posts,sachinsangwa413,Level 2 Seller,4.9,527.0,False,False,False
20210901140104,2021-09-01,graphics-design/social-media-design,45.0,I will design an elegant instagram branding kit,haram14smd,Level 2 Seller,4.9,46.0,False,False,False
20211001194536,2021-10-01,graphics-design/social-media-design,75.0,I will create a facebook cover photo banner design,newbold3d,Top Rated Seller,4.9,,False,False,False
20211001194536,2021-10-01,graphics-design/social-media-design,35.0,I will design an awesome youtube logo and banner,umar130,Top Rated Seller,5.0,94.0,False,False,False
20211001194536,2021-10-01,graphics-design/social-media-design,15.0,"I will create youtube channel with logo, banner, intro, outro, SEO",mazbah_rifat12,Level 2 Seller,4.9,411.0,False,False,False
20211001194536,2021-10-01,graphics-design/social-media-design,300.0,I will create scroll stopping social media images,claudiofolha,,5.0,124.0,False,False,False
20211001194536,2021-10-01,graphics-design/social-media-design,5.0,"I will create a youtube channel, logo, banner, intro outro video",sakib_dof,Level 2 Seller,4.9,276.0,False,False,False
20211001194536,2021-10-01,graphics-design/social-media-design,50.0,"I will create a twitch, youtube, social media logo and banner",xxzbat_,Level 2 Seller,5.0,30.0,False,False,False
20211001194536,2021-10-01,graphics-design/social-media-design,10.0,I will create sports graphics for social media or business,nanopixelslt,Level 2 Seller,5.0,110.0,False,False,False
20211001194536,2021-10-01,graphics-design/social-media-design,150.0,I will design a creative ad image for your online campaign,claudiofolha,,5.0,83.0,False,False,False
20211101211416,2021-11-01,graphics-design/social-media-design,100.0,I will design animated HTML5 banner ads for google adwords,websiterz,Top Rated Seller,4.9,297.0,False,False,False
20211101211416,2021-11-01,graphics-design/social-media-design,35.0,I will draw a professional custom youtube banner,jsdcomics,Level 2 Seller,4.9,52.0,False,False,False
20211101211416,2021-11-01,graphics-design/social-media-design,50.0,"I will create a twitch, youtube, social media logo and banner",xxzbat_,Level 2 Seller,5.0,35.0,False,False,False
20211101211416,2021-11-01,graphics-design/social-media-design,75.0,I will create a facebook cover photo banner design,newbold3d,Top Rated Seller,4.9,,False,False,False
20211101211416,2021-11-01,graphics-design/social-media-design,300.0,I will create scroll stopping social media images,claudiofolha,,5.0,132.0,False,False,False
20211101211416,2021-11-01,graphics-design/social-media-design,5.0,I will create instagram business niche quote content posts for you,mkhanmuzahid,Level 2 Seller,4.9,77.0,False,False,False
20211101211416,2021-11-01,graphics-design/social-media-design,50.0,"I will create cartoon banner for youtube, twitch, etc",gadzstudio,,4.9,34.0,False,False,False
20211101211416,2021-11-01,graphics-design/social-media-design,150.0,I will design a creative ad image for your online campaign,claudiofolha,,5.0,101.0,False,False,False
20211201131714,2021-12-01,graphics-design/social-media-design,15.0,"I will create your professional youtube channel and logo, banner, watermark",hasanuzzaman130,Level 2 Seller,4.9,129.0,False,False,False
20211201131714,2021-12-01,graphics-design/social-media-design,60.0,I will give your social media a makeover,social_stylist,Level 2 Seller,4.9,58.0,False,False,False
20211201131714,2021-12-01,graphics-design/social-media-design,20.0,I will design professional posts for instagram content,hardydesign,Level 2 Seller,5.0,171.0,False,False,False
20211201131714,2021-12-01,graphics-design/social-media-design,10.0,"I will do any professional social media post, ad, template design",hqratul,Level 2 Seller,4.9,80.0,False,False,False
20211201131714,2021-12-01,graphics-design/social-media-design,25.0,I will design an awesome youtube logo and banner,umar130,Top Rated Seller,5.0,108.0,False,False,False
20211201131714,2021-12-01,graphics-design/social-media-design,50.0,I will create customs inspirational image quotes or ads,luisfuenmayor,Top Rated Seller,5.0,892.0,False,False,False
20211201131714,2021-12-01,graphics-design/social-media-design,200.0,I will create scroll stopping social media images,claudiofolha,,5.0,143.0,False,False,False
20211201131714,2021-12-01,graphics-design/social-media-design,20.0,I will design amazing youtube thumbnail in 3 hours,hmailimaro,Level 2 Seller,5.0,,False,False,False
20220101002636,2022-01-01,graphics-design/social-media-design,100.0,I will design animated HTML5 banner ads for google adwords,websiterz,Top Rated Seller,5.0,309.0,False,False,False
20220101002636,2022-01-01,graphics-design/social-media-design,100.0,I will instagram design profile and page puzzle design,picturepaint,Level 2 Seller,5.0,282.0,False,False,False
20220101002636,2022-01-01,graphics-design/social-media-design,35.0,"I will design social media posts, banner ads for instagram, facebook or linkedin",cockermouse,Top Rated Seller,5.0,496.0,False,False,False
20220101002636,2022-01-01,graphics-design/social-media-design,200.0,"I will design posters, logo, social media posts,  flyers or any design in canva",arfan_kafait,Level 2 Seller,4.9,49.0,False,False,False
20220101002636,2022-01-01,graphics-design/social-media-design,75.0,I will create 30 unique social media posts designs for whole month,shahbazafzal,Level 2 Seller,4.9,338.0,False,False,False
20220101002636,2022-01-01,graphics-design/social-media-design,150.0,"I will create eye catchy, youtube or any social media banner",eveeelin,,4.9,35.0,False,False,False
20220101002636,2022-01-01,graphics-design/social-media-design,45.0,I will design 50 creative social media posts,mubahtahir,Level 2 Seller,5.0,747.0,False,False,False
20220101002636,2022-01-01,graphics-design/social-media-design,40.0,I will design canva instagram templates for your brand,ktball,Level 2 Seller,4.9,292.0,False,False,False
20220201145401,2022-02-01,graphics-design/social-media-design,20.0,I will create social media kit graphics,ubaidchohan,Top Rated Seller,5.0,330.0,False,False,False
20220201145401,2022-02-01,graphics-design/social-media-design,20.0,I will design amazing youtube thumbnail in 3 hours,hmailimaro,Level 2 Seller,5.0,,False,False,False
20220201145401,2022-02-01,graphics-design/social-media-design,25.0,I will design a professional website banner or header,designboom,Top Rated Seller,5.0,,False,False,False
20220201145401,2022-02-01,graphics-design/social-media-design,35.0,I will design a perfect youtube banner art,twto_tv,Top Rated Seller,4.9,,False,False,False
20220201145401,2022-02-01,graphics-design/social-media-design,60.0,I will design a cartoon banner for your youtube or twitch channel,nishiart,Level 2 Seller,5.0,620.0,False,False,False
20220201145401,2022-02-01,graphics-design/social-media-design,125.0,I will design scroll stopping social media images,nickneff55,Level 2 Seller,5.0,169.0,False,False,False
20220201145401,2022-02-01,graphics-design/social-media-design,200.0,I will create social media posts for real estate,katiemumby,,5.0,37.0,False,False,False
20220201145401,2022-02-01,graphics-design/social-media-design,75.0,I will create 30 unique social media posts designs for whole month,shahbazafzal,Level 2 Seller,4.9,350.0,False,False,False
20220201145401,2022-02-01,graphics-design/social-media-design,200.0,I will design graphics for your social media,dreejc7,,4.9,15.0,False,False,False
20220201145401,2022-02-01,graphics-design/social-media-design,75.0,I will create a facebook cover photo banner design,newbold3d,Top Rated Seller,4.9,,False,False,False
20220201145401,2022-02-01,graphics-design/social-media-design,50.0,I will design amazing facebook cover,mysellertop,Top Rated Seller,5.0,,False,False,False
20220201145401,2022-02-01,graphics-design/social-media-design,20.0,"I will design professional social media banner, post, creative ads",iamvipul,Top Rated Seller,4.9,,False,False,False
20220301144254,2022-03-01,graphics-design/social-media-design,60.0,I will design a cartoon banner for your youtube or twitch channel,nishiart,Level 2 Seller,5.0,628.0,False,False,False
20220301144254,2022-03-01,graphics-design/social-media-design,15.0,I will design health and fitness infographics for instagram,nir1989,Level 2 Seller,5.0,167.0,False,False,False
20220301144254,2022-03-01,graphics-design/social-media-design,100.0,I will design animated HTML5 banner ads for google adwords,websiterz,Top Rated Seller,5.0,317.0,False,False,False
20220301144254,2022-03-01,graphics-design/social-media-design,200.0,I will design an image creative for your ad campaign,claudiofolha,,5.0,126.0,False,False,False
20220301144254,2022-03-01,graphics-design/social-media-design,40.0,"I will design a professional youtube, twitter and twitch banner",rufaylwasim,Level 2 Seller,4.9,68.0,False,False,False
20220301144254,2022-03-01,graphics-design/social-media-design,100.0,I will design your social media posts and stories,yaeliroz,,4.9,30.0,False,False,False
20220301144254,2022-03-01,graphics-design/social-media-design,55.0,"I will create a twitch, youtube, social media logo and banner",xxzbat_,Level 2 Seller,5.0,53.0,False,False,False
20220301144254,2022-03-01,graphics-design/social-media-design,60.0,I will design a unique soundcloud banner and profile picture with a free logo,aryankraft,Level 2 Seller,5.0,479.0,False,False,False
20220402174723,2022-04-02,graphics-design/social-media-design,15.0,I will design highperforming professional facebook ads,jeffry_designs,Level 2 Seller,4.9,,False,False,False
20220402174723,2022-04-02,graphics-design/social-media-design,15.0,I will design an outstanding youtube banner,tenishadekker,Level 2 Seller,4.9,,False,False,False
20220402174723,2022-04-02,graphics-design/social-media-design,25.0,I will design a professional website banner or header,designboom,Top Rated Seller,5.0,,False,False,False
20220402174723,2022-04-02,graphics-design/social-media-design,35.0,I will design a perfect youtube banner art,twto_tv,Top Rated Seller,4.9,,False,False,False
20220402174723,2022-04-02,graphics-design/social-media-design,125.0,I will design scroll stopping social media images,nickneff55,Level 2 Seller,5.0,185.0,False,False,False
20220402174723,2022-04-02,graphics-design/social-media-design,200.0,I will design social media images that stand out,claudiofolha,,5.0,160.0,False,False,False
20220402174723,2022-04-02,graphics-design/social-media-design,35.0,"I will provide healthy recipes for fitness, nutrition, health post for instagram",smartvegan,Level 2 Seller,5.0,73.0,False,False,False
20220402174723,2022-04-02,graphics-design/social-media-design,15.0,"I will design standout instagram photos, instagram posts, instagram images",gopros,Top Rated Seller,5.0,323.0,False,False,False
20220402174723,2022-04-02,graphics-design/social-media-design,45.0,"I will design custom social media posts, facebook, instagram",teodorajejova,Top Rated Seller,5.0,15.0,False,False,False
20220402174723,2022-04-02,graphics-design/social-media-design,80.0,"I will be your arabic, english or french social media manager",oumaimamofak,,4.0,4.0,False,False,False
20220402174723,2022-04-02,graphics-design/social-media-design,30.0,I will create print or web  ad,svendesign,Level 2 Seller,5.0,170.0,False,False,False
20220402174723,2022-04-02,graphics-design/social-media-design,110.0,I will design reusable templates for your brand social media,yaeliroz,,5.0,22.0,False,False,False
20220501164634,2022-05-01,graphics-design/social-media-design,30.0,"I will create and setup youtube channel with logo, art, intro, outro",rabeya_smm,Level 2 Seller,5.0,,False,False,False
20220501164634,2022-05-01,graphics-design/social-media-design,30.0,I will design an awesome video flyer,shanmark002,Level 2 Seller,4.9,189.0,False,False,False
20220501164634,2022-05-01,graphics-design/social-media-design,40.0,I will design a professional custom youtube banner,prlllnce,Top Rated Seller,4.9,857.0,False,False,False
20220501164634,2022-05-01,graphics-design/social-media-design,160.0,I will create epic facebook banner,c7productions,Top Rated Seller,5.0,545.0,False,False,False
20220501164634,2022-05-01,graphics-design/social-media-design,35.0,I will design professional pinterest pins,petercover,Top Rated Seller,5.0,510.0,False,False,False
20220501164634,2022-05-01,graphics-design/social-media-design,90.0,I will instagram design profile and page puzzle design,picturepaint,Level 2 Seller,5.0,314.0,False,False,False
20220501164634,2022-05-01,graphics-design/social-media-design,30.0,"I will design outstanding, attractive social media posts, banners, and headers",s1doric,Top Rated Seller,5.0,23.0,False,False,False
20220501164634,2022-05-01,graphics-design/social-media-design,60.0,I will design a cartoon banner for your youtube or twitch channel,nishiart,Level 2 Seller,5.0,642.0,False,False,False
20220501164634,2022-05-01,graphics-design/social-media-design,70.0,I will give your social media a new brand makeover,social_stylist,Level 2 Seller,5.0,82.0,False,False,False
20220501164634,2022-05-01,graphics-design/social-media-design,65.0,I will design a cartoon banner and avatar for youtube or twitch,sheepart,Level 2 Seller,5.0,117.0,False,False,False
20220501164634,2022-05-01,graphics-design/social-media-design,50.0,"I will design professional social media banner, post, creative ads",andorfarkas,Level 2 Seller,5.0,225.0,False,False,False
20220501164634,2022-05-01,graphics-design/social-media-design,30.0,"I will design mind blowing social media posts, banners or stories",naumanahmad3152,Top Rated Seller,5.0,50.0,False,False,False
20220609161407,2022-06-09,graphics-design/social-media-design,15.0,I will design premium quality instagram post,sitnicdumitru,Top Rated Seller,5.0,999.0,False,False,False
20220609161407,2022-06-09,graphics-design/social-media-design,20.0,I will design professional social media flyer,beecreative968,Top Rated Seller,5.0,665.0,False,False,False
20220609161407,2022-06-09,graphics-design/social-media-design,25.0,I will design a professional website banner or header,designboom,Top Rated Seller,5.0,,False,False,False
20220609161407,2022-06-09,graphics-design/social-media-design,75.0,I will create a facebook cover photo banner design,newbold3d,Top Rated Seller,4.9,,False,False,False
20220609161407,2022-06-09,graphics-design/social-media-design,125.0,"I will design facebook ads images, copy and headlines",bardos,Level 2 Seller,5.0,174.0,False,False,False
20220609161407,2022-06-09,graphics-design/social-media-design,10.0,"I will create a youtube channel, logo, banner, intro",mehedy_hm,Level 2 Seller,5.0,402.0,False,False,False
20220609161407,2022-06-09,graphics-design/social-media-design,20.0,I will create premium effect house ar filters for tiktok,sandaru11,Level 2 Seller,5.0,11.0,False,False,False
20220609161407,2022-06-09,graphics-design/social-media-design,45.0,I will create 15 attractive social media posts design,omitdatta,Level 2 Seller,4.9,583.0,False,False,False
20220609161407,2022-06-09,graphics-design/social-media-design,100.0,I will create a pro quality ar filter for instagram and facebook,anitalian4agig,Top Rated Seller,5.0,670.0,False,False,False
20220609161407,2022-06-09,graphics-design/social-media-design,10.0,I will do professional instagram post and social media post design,artronny,Level 2 Seller,4.9,169.0,False,False,False
20220609161407,2022-06-09,graphics-design/social-media-design,200.0,I will design social media images that stand out,claudiofolha,,5.0,183.0,False,False,False
20220609161407,2022-06-09,graphics-design/social-media-design,75.0,I will design a cartoon banner and avatar for youtube or twitch,sheepart,Level 1 Seller,5.0,139.0,False,False,False
20220701015728,2022-07-01,graphics-design/social-media-design,15.0,I will design premium quality instagram post,sitnicdumitru,Top Rated Seller,5.0,,False,False,False
20220701015728,2022-07-01,graphics-design/social-media-design,20.0,I will design professional social media flyer,beecreative968,Top Rated Seller,5.0,674.0,False,False,False
20220701015728,2022-07-01,graphics-design/social-media-design,45.0,"I will create a killer twitter header, facebook cover or other design",twistedweb123,Top Rated Seller,4.9,,False,False,False
20220701015728,2022-07-01,graphics-design/social-media-design,75.0,I will create a facebook cover photo banner design,newbold3d,Top Rated Seller,4.9,,False,False,False
20220701015728,2022-07-01,graphics-design/social-media-design,75.0,I will design amazing instagram and facebook post graphics,wiktoriahyde,Level 2 Seller,5.0,59.0,False,False,False
20220701015728,2022-07-01,graphics-design/social-media-design,50.0,I will design an amazing and unique steam artwork for your profile,hogwash123,Top Rated Seller,5.0,449.0,False,False,False
20220701015728,2022-07-01,graphics-design/social-media-design,15.0,I will design high quality facebook ads,ttasev92,Level 2 Seller,5.0,,False,False,False
20220701015728,2022-07-01,graphics-design/social-media-design,100.0,I will create professional ar filter for instagram and facebook,roman_khlista,Level 1 Seller,5.0,107.0,False,False,False
20220701015728,2022-07-01,graphics-design/social-media-design,15.0,"I will design facebook cover, youtube, twitter, or instagram",alinaserv,Top Rated Seller,4.9,776.0,False,False,False
20220701015728,2022-07-01,graphics-design/social-media-design,125.0,I will design scroll stopping social media images,nickneff55,Level 2 Seller,5.0,205.0,False,False,False
20220701015728,2022-07-01,graphics-design/social-media-design,10.0,I will do professional instagram post and social media post design,artronny,Level 2 Seller,4.9,193.0,False,False,False
20220701015728,2022-07-01,graphics-design/social-media-design,100.0,"I will create unique social media banners, posts, and ads",vladymyr_kytsia,,5.0,12.0,False,False,False
20230101031808,2023-01-01,graphics-design/social-media-design,10.0,I will design a brand new youtube banner and logo in 24 hours,brand_new_art,Level 2 Seller,4.9,205.0,False,False,False
20230101031808,2023-01-01,graphics-design/social-media-design,20.0,I will design an ultimate gaming banner for youtube twitch twitter,rvdesigner,Level 2 Seller,4.9,,False,False,False
20230101031808,2023-01-01,graphics-design/social-media-design,50.0,I will create customs inspirational image quotes,luisfuenmayor,Top Rated Seller,5.0,959.0,False,False,False
20230101031808,2023-01-01,graphics-design/social-media-design,10.0,I will design amazing clickbait youtube thumbnail in 2 hours,vanogre,Level 2 Seller,5.0,,False,False,False
20230101031808,2023-01-01,graphics-design/social-media-design,20.0,I will create unique facebook cover design,emyteck,Level 2 Seller,5.0,585.0,False,False,False
20230101031808,2023-01-01,graphics-design/social-media-design,75.0,I will create 30 unique social media posts designs for whole month,shahbazafzal,Level 1 Seller,4.9,538.0,False,False,False
20230101031808,2023-01-01,graphics-design/social-media-design,45.0,"I will design facebook cover, social media headers",mysellertop,Top Rated Seller,5.0,,False,False,False
20230101031808,2023-01-01,graphics-design/social-media-design,15.0,I will design an outstanding youtube banner in 24 hours,techyvishal15,Level 2 Seller,5.0,,False,False,False
20230203144010,2023-02-03,graphics-design/social-media-design,5.0,I will design anime thumbnails that attracts viewers,tousif_ahmed6,Level 2 Seller,5.0,,False,False,False
20230203144010,2023-02-03,graphics-design/social-media-design,5.0,I will design attractive eye catchy youtube thumbnail,designmaster099,Level 2 Seller,5.0,759.0,False,False,False
20230203144010,2023-02-03,graphics-design/social-media-design,40.0,I will design outstanding channel art youtube banner,nael005,Level 2 Seller,5.0,960.0,False,False,False
20230203144010,2023-02-03,graphics-design/social-media-design,30.0,"I will design 30 social media posts, social media post design",grafixmall,Level 2 Seller,4.9,184.0,False,False,False
20230203144010,2023-02-03,graphics-design/social-media-design,35.0,I will design social media covers and social media banners,ahmedtrd,Level 2 Seller,4.9,717.0,False,False,False
20230203144010,2023-02-03,graphics-design/social-media-design,5.0,"I will design social media post, instagram post, facebook post ads fb ads, banner ads",almomen980,Level 2 Seller,5.0,223.0,False,False,False
20230203144010,2023-02-03,graphics-design/social-media-design,60.0,I will design editable canva templates and instagram post design for an attractive feed,sarafarahat,Level 2 Seller,4.9,136.0,False,False,False
20230203144010,2023-02-03,graphics-design/social-media-design,50.0,I will create customs inspirational image quotes,luisfuenmayor,Top Rated Seller,5.0,962.0,False,False,False
20230301011627,2023-03-01,graphics-design/social-media-design,50.0,"I will design a killer twitter header, facebook cover or banner",twistedweb123,Top Rated Seller,4.9,,False,False,False
20230301011627,2023-03-01,graphics-design/social-media-design,75.0,I will design amazing instagram and facebook post graphics,wiktoriahyde,Level 2 Seller,5.0,118.0,False,False,False
20230301011627,2023-03-01,graphics-design/social-media-design,5.0,"I will design attractive, creative carousel infographics posts for your instagram",kaushalhirpara,Level 2 Seller,5.0,252.0,False,False,False
20230301011627,2023-03-01,graphics-design/social-media-design,35.0,I will create and design your instagram content,himplsherstudio,Level 2 Seller,4.9,108.0,False,False,False
20230301011627,2023-03-01,graphics-design/social-media-design,15.0,I will design creative instagram facebook post design,designer_daviid,Top Rated Seller,5.0,582.0,False,False,False
20230301011627,2023-03-01,graphics-design/social-media-design,25.0,"I will do creative social media design, post, banner ads",designer_daviid,Top Rated Seller,5.0,,False,False,False
20230301011627,2023-03-01,graphics-design/social-media-design,5.0,I will design viral youtube thumbnail in 24 hours,designowl,Level 2 Seller,5.0,,False,False,False
20230301011627,2023-03-01,graphics-design/social-media-design,25.0,"I will design professional social media post design, instagram post",jigraphicexpert,Level 2 Seller,4.9,701.0,False,False,False
20230402153152,2023-04-02,graphics-design/social-media-design,10.0,I will draw a cartoon gaming banner and pfp for youtube,himoltstudio,Level 2 Seller,4.9,135.0,False,False,False
20230402153152,2023-04-02,graphics-design/social-media-design,10.0,I will make view boosting youtube thumbnail in 3hrs,thumbnails_ayan,Level 2 Seller,5.0,,False,False,False
20230402153152,2023-04-02,graphics-design/social-media-design,5.0,I will design amazing youtube thumbnail,abdelfatah7,Level 2 Seller,4.9,,False,False,False
20230402153152,2023-04-02,graphics-design/social-media-design,15.0,I will design a professional youtube logo and banner,avloxgraphics,Level 2 Seller,5.0,,False,False,False
20230402153152,2023-04-02,graphics-design/social-media-design,20.0,I will design professional youtube banner for you,umair_malik_1,Level 2 Seller,5.0,,False,False,False
20230402153152,2023-04-02,graphics-design/social-media-design,35.0,I will design a perfect youtube banner,twto_tv,Top Rated Seller,4.9,,False,False,False
20230402153152,2023-04-02,graphics-design/social-media-design,25.0,I will design an epic unique youtube banner and logo,jartwork,Level 2 Seller,4.9,893.0,False,False,False
20230402153152,2023-04-02,graphics-design/social-media-design,55.0,I will design an outstanding  youtube banner,hightlink,Top Rated Seller,5.0,,False,False,False
20230508043614,2023-05-08,graphics-design/social-media-design,10.0,I will design an eye catching youtube banner and logo,,,,,False,False,False
20230508043614,2023-05-08,graphics-design/social-media-design,10.0,I will make view boosting youtube thumbnail in 3hrs,,,,,False,False,False
20230508043614,2023-05-08,graphics-design/social-media-design,15.0,I will design a professional youtube logo and banner,,,,,False,False,False
20230508043614,2023-05-08,graphics-design/social-media-design,5.0,I will design amazing youtube thumbnail in 3 hours,,,,,False,False,False
20230508043614,2023-05-08,graphics-design/social-media-design,20.0,I will design youtube channel art banner and channel logo,,,,,False,False,False
20230508043614,2023-05-08,graphics-design/social-media-design,30.0,I will design an eye catching youtube banner and logo,,,,,False,False,False
20230508043614,2023-05-08,graphics-design/social-media-design,40.0,I will design a sermon series graphic or title,,,,,False,False,False
20230508043614,2023-05-08,graphics-design/social-media-design,50.0,"I will design linkedin banner, cover, header",,,,,False,False,False
20230602223459,2023-06-02,graphics-design/social-media-design,10.0,I will create youtube thumbnail with amazing quality in 2 hours,,,,,False,False,False
20230602223459,2023-06-02,graphics-design/social-media-design,15.0,I will design catchy youtube thumbnail,,,,,False,False,False
20230602223459,2023-06-02,graphics-design/social-media-design,10.0,I will make view boosting youtube thumbnail in 3hrs plus free consultancy to grow fast,,,,,False,False,False
20230602223459,2023-06-02,graphics-design/social-media-design,5.0,I will design attractive eye catchy youtube thumbnail,,,,,False,False,False
20230602223459,2023-06-02,graphics-design/social-media-design,20.0,I will design the perfect youtube banner in 1 hour,,,,,False,False,False
20230602223459,2023-06-02,graphics-design/social-media-design,25.0,I will design an epic unique youtube banner and logo,,,,,False,False,False
20230602223459,2023-06-02,graphics-design/social-media-design,20.0,I will design a professional youtube banner and profile picture,,,,,False,False,False
20230602223459,2023-06-02,graphics-design/social-media-design,55.0,I will design professional hebrew social media posts,,,,,False,False,False
20230711063212,2023-07-11,graphics-design/social-media-design,10.0,I will create youtube thumbnail with amazing quality in 2 hours,,,,,False,False,False
20230711063212,2023-07-11,graphics-design/social-media-design,5.0,I will create google meet and zoom virtual background,,,,,False,False,False
20230711063212,2023-07-11,graphics-design/social-media-design,10.0,I will design an amazing insta and fb social media flyer in 24 hrs,,,,,False,False,False
20230711063212,2023-07-11,graphics-design/social-media-design,10.0,I will make view boosting youtube thumbnail in 3hrs plus free consultancy to grow fast,,,,,False,False,False
20230711063212,2023-07-11,graphics-design/social-media-design,35.0,I will design a premium youtube thumbnail design,,,,,False,False,False
20230711063212,2023-07-11,graphics-design/social-media-design,30.0,I will design fully customized zoom virtual background,,,,,False,False,False
20230711063212,2023-07-11,graphics-design/social-media-design,25.0,I will create design professional banner youtube,,,,,False,False,False
20230711063212,2023-07-11,graphics-design/social-media-design,55.0,"I will create custom, professional social media templates",,,,,False,False,False
20230817143238,2023-08-17,graphics-design/social-media-design,10.0,I will make view boosting youtube thumbnail in 3hrs plus free consultancy to grow fast,,,,,False,False,False
20230817143238,2023-08-17,graphics-design/social-media-design,10.0,I will create youtube thumbnail with amazing quality in 2 hours,,,,,False,False,False
20230817143238,2023-08-17,graphics-design/social-media-design,10.0,I will make a professional roblox thumbnail,,,,,False,False,False
20230817143238,2023-08-17,graphics-design/social-media-design,15.0,I will design a premium youtube banner,,,,,False,False,False
20230817143238,2023-08-17,graphics-design/social-media-design,30.0,I will design fully customized zoom virtual background,,,,,False,False,False
20230817143238,2023-08-17,graphics-design/social-media-design,25.0,I will draw cartoon youtube thumbnail,,,,,False,False,False
20230817143238,2023-08-17,graphics-design/social-media-design,25.0,"I will do facebook, twitter, linkedin, youtube, instagram banner",,,,,False,False,False
20230817143238,2023-08-17,graphics-design/social-media-design,55.0,"I will create custom, professional social media templates",,,,,False,False,False
20230901220219,2023-09-01,graphics-design/social-media-design,10.0,I will make view boosting youtube thumbnail in 3hrs plus free consultancy to grow fast,,,,,False,False,False
20230901220219,2023-09-01,graphics-design/social-media-design,10.0,I will create youtube thumbnail with amazing quality in 2 hours,,,,,False,False,False
20230901220219,2023-09-01,graphics-design/social-media-design,15.0,I will design a professional youtube logo and banner,,,,,False,False,False
20230901220219,2023-09-01,graphics-design/social-media-design,10.0,I will design viral clickbait youtube thumbnail within 1 hour,,,,,False,False,False
20230901220219,2023-09-01,graphics-design/social-media-design,20.0,I will design view boosting youtube thumbnail in 24hrs,,,,,False,False,False
20230901220219,2023-09-01,graphics-design/social-media-design,25.0,I will design an outstanding youtube banner and logo,,,,,False,False,False
20230901220219,2023-09-01,graphics-design/social-media-design,20.0,I will design amazing youtube thumbnail in 3 hours,,,,,False,False,False
20230901220219,2023-09-01,graphics-design/social-media-design,50.0,I will design an amazing and unique steam artwork for your profile,,,,,False,False,False
20231009034750,2023-10-09,graphics-design/social-media-design,10.0,I will make view boosting youtube thumbnail in 3hrs plus free consultancy to grow fast,,,,,False,False,False
20231009034750,2023-10-09,graphics-design/social-media-design,15.0,I will design you professional youtube thumbnails,,,,,False,False,False
20231009034750,2023-10-09,graphics-design/social-media-design,15.0,I will design catchy youtube thumbnail,,,,,False,False,False
20231009034750,2023-10-09,graphics-design/social-media-design,15.0,I will desingn an eye catching youtube banner and logo,,,,,False,False,False
20231009034750,2023-10-09,graphics-design/social-media-design,25.0,I will design professional youtube banner for you,,,,,False,False,False
20231009034750,2023-10-09,graphics-design/social-media-design,45.0,I will make custom steam gog capsule design for your game,,,,,False,False,False
20231009034750,2023-10-09,graphics-design/social-media-design,20.0,I will setup perfect youtube channel with branding and seo,,,,,False,False,False
20231009034750,2023-10-09,graphics-design/social-media-design,50.0,I will make you a great youtube thumbnail,,,,,False,False,False
20231222051016,2023-12-22,graphics-design/social-media-design,5.0,I will design the best youtube thumbnail,,,,,False,False,False
20231222051016,2023-12-22,graphics-design/social-media-design,10.0,I will make a professional minecraft thumbnail,,,,,False,False,False
20231222051016,2023-12-22,graphics-design/social-media-design,5.0,I will design high quality youtube gaming thumbnail,,,,,False,False,False
20231222051016,2023-12-22,graphics-design/social-media-design,10.0,I will design custom 3d fortnite thumbnail,,,,,False,False,False
20231222051016,2023-12-22,graphics-design/social-media-design,20.0,I will design facebook ad creatives,,,,,False,False,False
20231222051016,2023-12-22,graphics-design/social-media-design,25.0,I will create 30 unique social media posts designs,,,,,False,False,False
20231222051016,2023-12-22,graphics-design/social-media-design,30.0,"I will design a professional youtube banner and icon, channel art",,,,,False,False,False
20231222051016,2023-12-22,graphics-design/social-media-design,50.0,I will create an instagram and facebook ar filter for you,,,,,False,False,False
20240112010049,2024-01-12,graphics-design/social-media-design,5.0,I will design attractive clickbait amazing youtube thumbnail  in 3hr,,,,,False,False,False
20240112010049,2024-01-12,graphics-design/social-media-design,5.0,I will design attractive eye catchy youtube thumbnail,,,,,False,False,False
20240112010049,2024-01-12,graphics-design/social-media-design,15.0,I will design creative instagram facebook post design,,,,,False,False,False
20240112010049,2024-01-12,graphics-design/social-media-design,15.0,I will desing you a amazing 3d fortnite thumbnail,,,,,False,False,False
20240112010049,2024-01-12,graphics-design/social-media-design,20.0,I will design amazing youtube thumbnail in 3 hours,,,,,False,False,False
20240112010049,2024-01-12,graphics-design/social-media-design,20.0,I will design high converting facebook ads,,,,,False,False,False
20240112010049,2024-01-12,graphics-design/social-media-design,20.0,I will design linkedin banner for your business page or profile,,,,,False,False,False
20240112010049,2024-01-12,graphics-design/social-media-design,60.0,I will make you a great youtube thumbnail,,,,,False,False,False
20240201164844,2024-02-01,graphics-design/social-media-design,15.0,I will desing you a amazing 3d fortnite thumbnail,,,,,False,False,False
20240201164844,2024-02-01,graphics-design/social-media-design,5.0,I will design attractive eye catchy youtube thumbnail,,,,,False,False,False
20240201164844,2024-02-01,graphics-design/social-media-design,5.0,I will create youtube thumbnails design,,,,,False,False,False
20240201164844,2024-02-01,graphics-design/social-media-design,10.0,I will design attractive clickbait amazing youtube thumbnail  in 3hr,,,,,False,False,False
20240201164844,2024-02-01,graphics-design/social-media-design,25.0,I will design professional youtube banner for you,,,,,False,False,False
20240201164844,2024-02-01,graphics-design/social-media-design,20.0,"I will do youtube banner, facebook, twitter cover, web banners, logo",,,,,False,False,False
20240201164844,2024-02-01,graphics-design/social-media-design,20.0,I will design linkedin banner for your business page or profile,,,,,False,False,False
20240201164844,2024-02-01,graphics-design/social-media-design,50.0,I will design an amazing and unique steam artwork for your profile,,,,,False,False,False
20240312023519,2024-03-12,graphics-design/social-media-design,10.0,I will create youtube thumbnail with amazing quality in 2 hours,,,,,False,False,False
20240312023519,2024-03-12,graphics-design/social-media-design,15.0,I will design amazing youtube thumbnail,,,,,False,False,False
20240312023519,2024-03-12,graphics-design/social-media-design,15.0,I will design catchy youtube thumbnail,,,,,False,False,False
20240312023519,2024-03-12,graphics-design/social-media-design,15.0,"I will do youtube banner, facebook, twitter cover, web banners, logo",,,,,False,False,False
20240312023519,2024-03-12,graphics-design/social-media-design,20.0,I will design linkedin banner for your business page or profile,,,,,False,False,False
20240312023519,2024-03-12,graphics-design/social-media-design,25.0,"I will create discord  animated icon, server banner, channel banners",,,,,False,False,False
20240312023519,2024-03-12,graphics-design/social-media-design,25.0,I will create 10 attractive facebook and instagram post designs,,,,,False,False,False
20240312023519,2024-03-12,graphics-design/social-media-design,85.0,I will design personalized custom zoom virtual backgrounds in 3d,,,,,False,False,False
20240401121208,2024-04-01,graphics-design/social-media-design,10.0,I will create funny nft and crypto memes and nft meme videos,,,,,False,False,False
20240401121208,2024-04-01,graphics-design/social-media-design,10.0,I will create youtube thumbnail with amazing quality in 2 hours,,,,,False,False,False
20240401121208,2024-04-01,graphics-design/social-media-design,5.0,I will design a high quality gaming thumbnail for youtube,,,,,False,False,False
20240401121208,2024-04-01,graphics-design/social-media-design,5.0,I will design the best youtube thumbnail,,,,,False,False,False
20240401121208,2024-04-01,graphics-design/social-media-design,20.0,I will desing you a amazing 3d fortnite thumbnail,,,,,False,False,False
20240401121208,2024-04-01,graphics-design/social-media-design,25.0,I will setup perfect youtube channel with branding and seo,,,,,False,False,False
20240401121208,2024-04-01,graphics-design/social-media-design,30.0,I will design professional youtube banner for you,,,,,False,False,False
20240401121208,2024-04-01,graphics-design/social-media-design,60.0,I will make you a great youtube thumbnail,,,,,False,False,False
20240501061832,2024-05-01,graphics-design/social-media-design,10.0,,,,,,False,False,False
20240501061832,2024-05-01,graphics-design/social-media-design,10.0,,,,,,False,False,False
20240501061832,2024-05-01,graphics-design/social-media-design,15.0,,,,,,False,False,False
20240501061832,2024-05-01,graphics-design/social-media-design,15.0,,,,,,False,False,False
20240501061832,2024-05-01,graphics-design/social-media-design,20.0,,,,,,False,False,False
20240501061832,2024-05-01,graphics-design/social-media-design,20.0,,,,,,False,False,False
20240501061832,2024-05-01,graphics-design/social-media-design,35.0,,,,,,False,False,False
20240501061832,2024-05-01,graphics-design/social-media-design,50.0,,,,,,False,False,False
20240601132800,2024-06-01,graphics-design/social-media-design,15.0,,,,,,False,False,False
20240601132800,2024-06-01,graphics-design/social-media-design,15.0,,,,,,False,False,False
20240601132800,2024-06-01,graphics-design/social-media-design,10.0,,,,,,False,False,False
20240601132800,2024-06-01,graphics-design/social-media-design,15.0,,,,,,False,False,False
20240601132800,2024-06-01,graphics-design/social-media-design,25.0,,,,,,False,False,False
20240601132800,2024-06-01,graphics-design/social-media-design,20.0,,,,,,False,False,False
20240601132800,2024-06-01,graphics-design/social-media-design,30.0,,,,,,False,False,False
20240601132800,2024-06-01,graphics-design/social-media-design,60.0,,,,,,False,False,False
20240701181306,2024-07-01,graphics-design/social-media-design,15.0,,,,,,False,False,False
20240701181306,2024-07-01,graphics-design/social-media-design,15.0,,,,,,False,False,False
20240701181306,2024-07-01,graphics-design/social-media-design,15.0,,,,,,False,False,False
20240701181306,2024-07-01,graphics-design/social-media-design,15.0,,,,,,False,False,False
20240701181306,2024-07-01,graphics-design/social-media-design,20.0,,,,,,False,False,False
20240701181306,2024-07-01,graphics-design/social-media-design,20.0,,,,,,False,False,False
20240701181306,2024-07-01,graphics-design/social-media-design,30.0,,,,,,False,False,False
20240701181306,2024-07-01,graphics-design/social-media-design,55.0,,,,,,False,False,False
20240801102048,2024-08-01,graphics-design/social-media-design,15.0,,,,,,False,False,False
20240801102048,2024-08-01,graphics-design/social-media-design,5.0,,,,,,False,False,False
20240801102048,2024-08-01,graphics-design/social-media-design,10.0,,,,,,False,False,False
20240801102048,2024-08-01,graphics-design/social-media-design,5.0,,,,,,False,False,False
20240801102048,2024-08-01,graphics-design/social-media-design,20.0,,,,,,False,False,False
20240801102048,2024-08-01,graphics-design/social-media-design,40.0,,,,,,False,False,False
20240801102048,2024-08-01,graphics-design/social-media-design,20.0,,,,,,False,False,False
20240801102048,2024-08-01,graphics-design/social-media-design,50.0,,,,,,False,False,False
20240901112000,2024-09-01,graphics-design/social-media-design,15.0,,,,,,False,False,False
20240901112000,2024-09-01,graphics-design/social-media-design,15.0,,,,,,False,False,False
20240901112000,2024-09-01,graphics-design/social-media-design,15.0,,,,,,False,False,False
20240901112000,2024-09-01,graphics-design/social-media-design,10.0,,,,,,False,False,False
20240901112000,2024-09-01,graphics-design/social-media-design,30.0,,,,,,False,False,False
20240901112000,2024-09-01,graphics-design/social-media-design,20.0,,,,,,False,False,False
20240901112000,2024-09-01,graphics-design/social-media-design,20.0,,,,,,False,False,False
20240901112000,2024-09-01,graphics-design/social-media-design,70.0,,,,,,False,False,False
20241001013230,2024-10-01,graphics-design/social-media-design,10.0,,,,,,False,False,False
20241001013230,2024-10-01,graphics-design/social-media-design,15.0,,,,,,False,False,False
20241001013230,2024-10-01,graphics-design/social-media-design,10.0,,,,,,False,False,False
20241001013230,2024-10-01,graphics-design/social-media-design,15.0,,,,,,False,False,False
20241001013230,2024-10-01,graphics-design/social-media-design,30.0,,,,,,False,False,False
20241001013230,2024-10-01,graphics-design/social-media-design,20.0,,,,,,False,False,False
20241001013230,2024-10-01,graphics-design/social-media-design,25.0,,,,,,False,False,False
20241001013230,2024-10-01,graphics-design/social-media-design,50.0,,,,,,False,False,False
20241209050957,2024-12-09,graphics-design/social-media-design,15.0,,,,,,False,False,False
20241209050957,2024-12-09,graphics-design/social-media-design,10.0,,,,,,False,False,False
20241209050957,2024-12-09,graphics-design/social-media-design,15.0,,,,,,False,False,False
20241209050957,2024-12-09,graphics-design/social-media-design,15.0,,,,,,False,False,False
20241209050957,2024-12-09,graphics-design/social-media-design,20.0,,,,,,False,False,False
20241209050957,2024-12-09,graphics-design/social-media-design,20.0,,,,,,False,False,False
20241209050957,2024-12-09,graphics-design/social-media-design,25.0,,,,,,False,False,False
20241209050957,2024-12-09,graphics-design/social-media-design,50.0,,,,,,False,False,False
